Waiting Times,Average People at Busstops
0.0,0.0
0.5,0.125
0.6000000238418579,0.25
1.600000023841858,0.5
1.7139999866485596,0.625
2.7139999866485596,0.875
3.25,0.875
3.7780001163482666,1.0
3.9089999198913574,1.125
4.182000160217285,1.25
4.308000087738037,1.25
5.1539998054504395,1.375
6.0,1.375
6.8460001945495605,1.375
7.691999912261963,1.375
8.538000106811523,1.375
9.385000228881836,1.375
8.866999626159668,1.375
8.588000297546387,1.625
8.944000244140625,1.875
9.315999984741211,2.0
8.895000457763672,1.875
8.0,1.875
8.782999992370605,2.25
9.166999816894531,2.25
9.5600004196167,2.375
10.359999656677246,2.5
10.730999946594238,2.5
11.111000061035156,2.625
11.5,2.75
12.321000099182129,2.875
12.6899995803833,2.875
13.517000198364258,3.0
14.345000267028809,3.0
15.17199993133545,3.0
16.0,3.0
16.267000198364258,3.0
17.100000381469727,3.125
17.933000564575195,3.125
18.767000198364258,3.125
18.375,3.125
18.63599967956543,3.375
19.485000610351562,3.5
20.33300018310547,3.5
19.97100067138672,3.5
20.799999237060547,3.625
21.628999710083008,3.625
22.457000732421875,3.625
22.638999938964844,3.625
22.83799934387207,3.75
23.676000595092773,3.875
24.513999938964844,3.875
24.68400001525879,3.875
25.525999069213867,4.0
26.368000030517578,4.0
27.211000442504883,4.0
28.05299949645996,4.0
28.15399932861328,4.0
27.584999084472656,4.125
28.43899917602539,4.375
27.93000030517578,4.375
28.13599967956543,4.625
28.356000900268555,4.75
29.222000122070312,4.875
28.80900001525879,4.875
29.680999755859375,5.125
30.55299949645996,5.125
30.915000915527344,4.75
31.722999572753906,4.75
32.53200149536133,4.75
32.645999908447266,4.75
32.7760009765625,4.875
32.900001525878906,4.875
33.03900146484375,5.0
33.19200134277344,5.125
34.0,5.25
34.80799865722656,5.25
35.6150016784668,5.25
36.42300033569336,5.25
36.52799987792969,5.25
32.814998626708984,5.0
31.29599952697754,4.625
30.05500030517578,4.375
30.417999267578125,4.25
31.611000061035156,4.25
32.24100112915039,4.25
32.869998931884766,4.25
32.89099884033203,4.25
33.527000427246094,4.375
32.96500015258789,4.375
33.61399841308594,4.625
34.26300048828125,4.625
34.9119987487793,4.625
34.654998779296875,4.375
35.2760009765625,4.5
35.28799819946289,4.5
35.915000915527344,4.625
36.54199981689453,4.625
36.54999923706055,4.625
36.57400131225586,4.75
32.31700134277344,4.5
31.0,4.5
31.016000747680664,4.375
31.091999053955078,4.5
31.18199920654297,4.625
31.757999420166016,4.75
31.597000122070312,4.25
31.631999969482422,4.25
32.14699935913086,4.375
32.6619987487793,4.375
33.17599868774414,4.375
33.202999114990234,4.375
33.724998474121094,4.5
33.75699996948242,4.5
34.2859992980957,4.625
34.81399917602539,4.625
35.34299850463867,4.625
35.87099838256836,4.625
35.887001037597656,4.625
34.94599914550781,4.75
34.553001403808594,5.0
35.10499954223633,5.25
35.19499969482422,5.25
35.75299835205078,5.375
36.3120002746582,5.375
36.39699935913086,5.375
36.96200180053711,5.5
37.5260009765625,5.5
36.43199920654297,5.125
36.9630012512207,5.375
36.59000015258789,5.375
37.132999420166016,5.625
37.67499923706055,5.625
38.21699905395508,5.625
38.75899887084961,5.625
39.30099868774414,5.625
39.84299850463867,5.625
40.38600158691406,5.625
40.928001403808594,5.625
40.02299880981445,5.625
40.58100128173828,6.0
40.20500183105469,6.0
40.77299880981445,6.25
41.340999603271484,6.25
41.909000396728516,6.25
42.47700119018555,6.25
43.540000915527344,6.25
43.61399841308594,6.25
43.696998596191406,6.375
44.28099822998047,6.5
44.8650016784668,6.5
45.44900131225586,6.5
45.37799835205078,6.375
45.95600128173828,6.5
45.52199935913086,6.5
45.60200119018555,6.625
45.691001892089844,6.75
45.78900146484375,6.875
45.895999908447266,7.0
46.4900016784668,7.125
47.08300018310547,7.125
47.18600082397461,7.125
47.29600143432617,7.25
47.89799880981445,7.375
48.0099983215332,7.375
48.130001068115234,7.5
48.7400016784668,7.625
49.349998474121094,7.625
49.959999084472656,7.625
49.577999114990234,7.625
50.19599914550781,7.875
51.0890007019043,7.625
51.18600082397461,7.625
51.79399871826172,7.75
52.402000427246094,7.75
53.0099983215332,7.75
53.61800003051758,7.75
53.69900131225586,7.75
53.77899932861328,7.75
53.867000579833984,7.875
54.47600173950195,8.0
54.566001892089844,8.0
55.17900085449219,8.125
46.22200012207031,7.375
42.82400131225586,7.125
39.53200149536133,6.625
37.76100158691406,6.25
37.7760009765625,6.0
37.45800018310547,5.75
36.88999938964844,5.625
37.10100173950195,5.875
37.814998626708984,5.875
37.89899826049805,5.875
38.3390007019043,6.0
38.59600067138672,5.75
39.018001556396484,5.75
39.082000732421875,5.75
39.50899887084961,5.875
39.222999572753906,5.875
39.310001373291016,6.125
39.75199890136719,6.25
40.19499969482422,6.25
40.28099822998047,6.25
40.72800064086914,6.375
41.17499923706055,6.375
41.12200164794922,6.25
41.57400131225586,6.5
41.66400146484375,6.5
41.75199890136719,6.5
41.49599838256836,6.625
41.608001708984375,6.875
42.07500076293945,7.0
42.483001708984375,6.875
42.94200134277344,6.875
43.400001525878906,6.875
43.49599838256836,6.875
43.95899963378906,7.0
44.05699920654297,7.0
44.16299819946289,7.125
44.63399887084961,7.25
44.742000579833984,7.25
45.21799850463867,7.375
45.694000244140625,7.375
45.79999923706055,7.375
45.91299819946289,7.5
46.39699935913086,7.625
46.512001037597656,7.625
47.0,7.75
47.487998962402344,7.75
47.97600173950195,7.75
48.2599983215332,7.5
48.7400016784668,7.625
49.220001220703125,7.625
49.57500076293945,7.5
49.270999908447266,7.5
49.75199890136719,7.75
49.84600067138672,7.75
50.33100128173828,7.875
50.814998626708984,7.875
50.90800094604492,7.875
51.39699935913086,8.0
51.8849983215332,8.0
51.58599853515625,8.0
52.07500076293945,8.125
52.17900085449219,8.25
52.67900085449219,8.375
52.78499984741211,8.375
53.28900146484375,8.5
53.792999267578125,8.5
53.89699935913086,8.5
54.40399932861328,8.625
54.9119987487793,8.625
55.01499938964844,8.625
55.5260009765625,8.75
55.4640007019043,8.5
55.9640007019043,8.625
56.064998626708984,8.75
56.17100143432617,8.875
56.284000396728516,9.0
56.80099868774414,9.125
57.319000244140625,9.125
57.43000030517578,9.125
57.95100021362305,9.25
58.47200012207031,9.25
58.99300003051758,9.25
59.513999938964844,9.25
59.20100021362305,9.25
53.7400016784668,9.125
51.305999755859375,9.125
50.83000183105469,9.0
52.02799987792969,9.0
53.25899887084961,9.0
54.14099884033203,9.0
53.94200134277344,9.0
50.834999084472656,8.75
52.0880012512207,8.75
49.13100051879883,8.5
49.9119987487793,8.375
50.0359992980957,8.375
50.53300094604492,8.5
51.02899932861328,8.5
51.5260009765625,8.5
51.64500045776367,8.5
52.14500045776367,8.625
51.893001556396484,8.625
51.6619987487793,8.875
51.81100082397461,9.125
52.32899856567383,9.25
53.21799850463867,9.25
53.73899841308594,9.25
53.88100051879883,9.25
54.02799987792969,9.375
54.17900085449219,9.5
54.33599853515625,9.625
54.869998931884766,9.75
55.027000427246094,9.75
55.564998626708984,9.875
55.722999572753906,9.875
56.263999938964844,10.0
52.887001037597656,9.625
51.68199920654297,9.625
50.75699996948242,9.5
50.137001037597656,9.375
49.75299835205078,9.25
49.652000427246094,9.125
50.45500183105469,9.25
49.96200180053711,9.25
50.45199966430664,9.625
50.619998931884766,9.625
50.474998474121094,9.75
50.974998474121094,10.0
51.154998779296875,10.0
51.58399963378906,10.0
52.09299850463867,10.25
52.60900115966797,10.375
53.124000549316406,10.375
53.308998107910156,10.375
54.45000076293945,10.375
54.96900177001953,10.375
55.143001556396484,10.375
55.665000915527344,10.375
55.159000396728516,10.375
55.012001037597656,10.5
55.54199981689453,10.625
56.071998596191406,10.625
56.60200119018555,10.625
57.132999420166016,10.625
57.66299819946289,10.625
58.19300079345703,10.625
58.722999572753906,10.625
59.25299835205078,10.625
59.42499923706055,10.625
59.60100173950195,10.75
59.082000732421875,10.875
59.625999450683594,11.0
59.4739990234375,11.0
60.02299880981445,11.25
60.571998596191406,11.25
61.132999420166016,11.375
60.98899841308594,11.375
61.55400085449219,11.5
61.766998291015625,11.5
61.983001708984375,11.5
62.55400085449219,11.625
63.43199920654297,11.5
63.64400100708008,11.5
63.86000061035156,11.625
64.43800354003906,11.625
65.01699829101562,11.625
64.50800323486328,11.625
64.73600006103516,11.875
61.8849983215332,11.5
60.41299819946289,11.375
59.03200149536133,11.25
59.20100021362305,11.25
58.46200180053711,11.125
58.46200180053711,11.375
58.854000091552734,11.375
59.332000732421875,11.25
59.803001403808594,11.125
59.69599914550781,11.0
60.262001037597656,11.125
61.516998291015625,11.0
58.117000579833984,10.75
56.39699935913086,10.5
55.25299835205078,10.5
54.44300079345703,10.125
53.827999114990234,10.0
52.959999084472656,9.875
52.16899871826172,9.75
51.391998291015625,9.625
49.45399856567383,9.5
49.178001403808594,9.875
48.85200119018555,9.75
49.35200119018555,10.0
49.858001708984375,10.125
50.36399841308594,10.125
50.582000732421875,10.125
51.09000015258789,10.25
51.308998107910156,10.25
51.53099822998047,10.375
51.470001220703125,10.5
51.98899841308594,10.75
52.507999420166016,10.75
53.02799987792969,10.75
53.547000885009766,10.75
54.066001892089844,10.75
53.69599914550781,10.75
53.93000030517578,11.125
54.45899963378906,11.25
54.4010009765625,11.25
50.10599899291992,11.125
47.915000915527344,11.0
45.479000091552734,10.75
44.275001525878906,10.625
45.005001068115234,10.625
44.18600082397461,10.5
45.15599822998047,10.5
44.46799850463867,10.25
45.19499969482422,10.25
44.88199996948242,10.125
45.36600112915039,10.25
45.12200164794922,10.25
45.61399841308594,10.625
45.862998962402344,10.625
46.358001708984375,10.75
46.85300064086914,10.75
47.34700012207031,10.75
46.362998962402344,10.375
46.137001037597656,10.125
45.5359992980957,9.875
45.64099884033203,9.875
45.75600051879883,9.625
46.68600082397461,9.75
47.13600158691406,9.75
47.3390007019043,9.75
47.79199981689453,9.875
47.994998931884766,9.875
48.45100021362305,10.0
48.654998779296875,10.0
49.5989990234375,10.0
50.05699920654297,10.0
50.51599884033203,10.0
50.709999084472656,10.0
51.17100143432617,10.125
51.10300064086914,10.125
51.569000244140625,10.375
52.0359992980957,10.375
51.970001220703125,10.375
52.44200134277344,10.625
52.645999908447266,10.625
52.854000091552734,10.75
53.064998626708984,10.875
53.01499938964844,11.0
52.71200180053711,11.125
53.68000030517578,11.375
53.902000427246094,11.5
54.39699935913086,11.625
54.624000549316406,11.625
55.665000915527344,11.75
53.79899978637695,11.625
53.391998291015625,11.625
53.388999938964844,11.375
53.736000061035156,11.375
53.55699920654297,11.25
53.70000076293945,11.25
53.36800003051758,11.125
53.85599899291992,11.25
53.54399871826172,11.25
53.7760009765625,11.625
54.0099983215332,11.75
53.986000061035156,11.875
54.22999954223633,12.125
54.73699951171875,12.25
53.78499984741211,11.875
54.95600128173828,11.5
52.250999450683594,11.0
51.301998138427734,10.625
50.97999954223633,10.5
49.87900161743164,10.375
48.82400131225586,10.5
48.040000915527344,10.5
47.263999938964844,10.375
46.62200164794922,10.25
46.01499938964844,10.125
45.24599838256836,10.0
45.4640007019043,10.0
45.685001373291016,10.125
45.909000396728516,10.25
46.13600158691406,10.375
46.3650016784668,10.5
46.59700012207031,10.625
46.832000732421875,10.75
47.069000244140625,10.875
47.77199935913086,10.875
48.0099983215332,11.0
48.25,11.125
48.49300003051758,11.25
48.97600173950195,11.375
49.45899963378906,11.375
49.45899963378906,11.375
49.46900177001953,11.625
49.96200180053711,11.875
50.45500183105469,11.875
51.68899917602539,11.875
49.88800048828125,11.625
49.27199935913086,11.5
48.9370002746582,11.5
48.433998107910156,11.375
47.722999572753906,11.375
47.97600173950195,11.5
48.0,11.625
48.49300003051758,11.875
48.986000061035156,11.875
49.24300003051758,11.875
49.737998962402344,12.0
50.233001708984375,12.0
50.729000091552734,12.0
48.7140007019043,11.875
47.55699920654297,11.75
46.3129997253418,11.75
45.12300109863281,11.875
44.65700149536133,11.875
44.417999267578125,12.0
44.207000732421875,12.0
43.82699966430664,12.0
43.79899978637695,12.125
43.76599884033203,12.125
43.810001373291016,12.125
44.26900100708008,12.375
44.72700119018555,12.375
45.185001373291016,12.375
45.64400100708008,12.375
46.10200119018555,12.375
46.34600067138672,12.375
46.805999755859375,12.5
47.266998291015625,12.5
47.72800064086914,12.5
48.18899917602539,12.5
48.20500183105469,12.5
48.67100143432617,12.75
48.37799835205078,12.25
48.3380012512207,12.0
48.263999938964844,11.75
48.05099868774414,11.5
48.40299987792969,11.375
47.11199951171875,11.375
47.02799987792969,11.25
46.74300003051758,11.125
46.85900115966797,11.125
46.606998443603516,11.0
47.36000061035156,11.125
44.486000061035156,10.875
43.24300003051758,10.625
42.11399841308594,10.625
41.494998931884766,10.625
40.97600173950195,10.5
40.10200119018555,10.5
39.516998291015625,10.5
38.76599884033203,10.375
38.347999572753906,10.375
37.58000183105469,10.25
37.108001708984375,10.0
36.58300018310547,9.875
36.974998474121094,10.0
37.737998962402344,10.0
38.13399887084961,10.0
38.34000015258789,10.0
38.73899841308594,10.125
39.13800048828125,10.125
39.5369987487793,10.125
39.93600082397461,10.125
40.137001037597656,10.125
40.53900146484375,10.25
40.941001892089844,10.25
40.94200134277344,10.25
41.150001525878906,10.5
41.762001037597656,10.625
42.5880012512207,10.625
41.09299850463867,10.5
40.69300079345703,10.5
40.37099838256836,10.5
40.15599822998047,10.5
40.137001037597656,10.5
40.112998962402344,10.375
40.16299819946289,10.25
39.90599822998047,10.125
39.91699981689453,10.25
40.32699966430664,10.5
40.73699951171875,10.5
40.749000549316406,10.5
40.965999603271484,10.75
41.3849983215332,10.875
41.60300064086914,10.875
42.22600173950195,11.0
41.76900100708008,11.0
41.832000732421875,10.875
41.89899826049805,10.875
42.06700134277344,10.875
42.28200149536133,10.875
42.702999114990234,11.0
42.715999603271484,11.0
43.21900177001953,10.875
43.632999420166016,11.0
44.051998138427734,11.0
44.47100067138672,11.0
44.88999938964844,11.0
45.095001220703125,11.0
45.301998138427734,11.125
45.72600173950195,11.25
45.933998107910156,11.25
46.36199951171875,11.375
46.0,11.0
46.39500045776367,11.125
46.59700012207031,11.25
47.02799987792969,11.625
47.2400016784668,11.625
47.45399856567383,11.75
47.88999938964844,11.875
48.32600021362305,11.875
48.53900146484375,11.875
48.97700119018555,12.0
49.41600036621094,12.0
49.854000091552734,12.0
50.27399826049805,11.875
50.70800018310547,11.875
50.909000396728516,11.875
51.340999603271484,11.875
51.53799819946289,11.875
51.50699996948242,12.0
51.48400115966797,12.25
51.69900131225586,12.5
51.91600036621094,12.625
52.35200119018555,12.625
49.42499923706055,12.25
50.30099868774414,12.375
49.03499984741211,12.125
49.90599822998047,12.125
49.165000915527344,11.875
49.5890007019043,11.875
49.097999572753906,11.875
49.96799850463867,11.875
50.28499984741211,11.75
50.709999084472656,11.75
50.904998779296875,11.75
51.33300018310547,11.875
51.76100158691406,11.875
51.95500183105469,11.875
52.38600158691406,12.0
52.816001892089844,12.0
53.00899887084961,12.0
53.4379997253418,12.0
53.87099838256836,12.125
54.0620002746582,12.125
54.25699996948242,12.25
54.69499969482422,12.375
55.132999420166016,12.375
55.57099914550781,12.375
55.762001037597656,12.375
56.202999114990234,12.5
56.643001556396484,12.5
57.08399963378906,12.5
57.52399826049805,12.5
57.71099853515625,12.5
57.900001525878906,12.625
59.11899948120117,12.75
56.481998443603516,12.5
55.64400100708008,12.375
54.56399917602539,12.25
53.74599838256836,12.25
52.58700180053711,12.125
51.50400161743164,12.25
50.96900177001953,12.375
50.42399978637695,12.25
49.90599822998047,12.125
48.7599983215332,12.0
48.97800064086914,12.25
49.198001861572266,12.375
49.638999938964844,12.5
50.07899856567383,12.5
50.07899856567383,12.5
49.87099838256836,12.75
50.323001861572266,13.125
50.49399948120117,12.875
50.939998626708984,13.0
52.05699920654297,13.0
49.78900146484375,12.75
49.35100173950195,12.875
48.983001708984375,12.75
48.457000732421875,12.625
47.72700119018555,12.625
47.051998138427734,12.75
46.81399917602539,12.875
46.180999755859375,12.75
46.016998291015625,12.875
46.143001556396484,12.75
46.064998626708984,12.625
45.847999572753906,12.625
45.893001556396484,12.75
46.14099884033203,13.0
46.59000015258789,13.125
47.03799819946289,13.125
47.084999084472656,13.125
47.53799819946289,13.375
47.992000579833984,13.375
48.85900115966797,13.375
48.60300064086914,13.25
48.87200164794922,13.125
49.20500183105469,13.125
49.58100128173828,13.125
50.17599868774414,13.125
50.5620002746582,13.0
50.99599838256836,13.0
51.22200012207031,13.0
51.45100021362305,13.125
51.4640007019043,13.125
51.91999816894531,13.375
52.154998779296875,13.375
52.612998962402344,13.375
53.07099914550781,13.375
53.96200180053711,13.25
54.8849983215332,13.25
53.72800064086914,13.0
53.2239990234375,12.875
52.49399948120117,12.875
52.25,13.0
51.83599853515625,12.875
51.70600128173828,12.875
51.40700149536133,12.75
51.3650016784668,12.75
51.367000579833984,12.625
51.14799880981445,12.5
51.369998931884766,12.5
51.59299850463867,12.625
51.819000244140625,12.75
52.27199935913086,12.875
52.7239990234375,12.875
53.154998779296875,12.75
51.845001220703125,12.5
50.99599838256836,12.25
50.43600082397461,12.125
50.30799865722656,12.0
50.29100036621094,11.75
50.3849983215332,11.625
50.619998931884766,11.375
51.452999114990234,11.375
51.715999603271484,11.125
52.55699920654297,11.125
53.4119987487793,11.125
54.28300094604492,11.125
54.441001892089844,11.125
54.83700180053711,11.125
54.99100112915039,11.125
55.38999938964844,11.25
55.54600143432617,11.25
55.70399856567383,11.375
56.10900115966797,11.5
56.51300048828125,11.5
56.67100143432617,11.5
57.81100082397461,11.5
54.82099914550781,11.25
53.680999755859375,11.25
52.46500015258789,11.125
51.5,11.125
50.58300018310547,11.125
49.88600158691406,11.125
48.97800064086914,11.0
48.06999969482422,11.0
48.24800109863281,11.0
48.638999938964844,11.125
48.81800079345703,11.125
49.42599868774414,11.25
49.61000061035156,11.375
50.01300048828125,11.5
50.198001861572266,11.5
50.60300064086914,11.625
50.790000915527344,11.625
51.64099884033203,11.75
49.20199966430664,11.625
47.84299850463867,11.75
46.99599838256836,12.125
46.24800109863281,12.25
45.722999572753906,12.375
45.007999420166016,12.375
44.124000549316406,12.5
43.91299819946289,12.75
43.731998443603516,12.625
43.38100051879883,12.5
43.11800003051758,12.125
42.5359992980957,11.75
42.37799835205078,11.875
42.60300064086914,11.875
42.6510009765625,12.0
43.0620002746582,12.25
43.292999267578125,12.25
43.527000427246094,12.375
43.94200134277344,12.5
43.99599838256836,12.5
44.96699905395508,12.75
43.847999572753906,12.5
43.29800033569336,12.5
43.19200134277344,12.75
42.946998596191406,12.75
43.073001861572266,12.875
43.10200119018555,12.75
43.327999114990234,12.75
44.19200134277344,12.625
42.689998626708984,12.25
42.18000030517578,12.0
41.887001037597656,12.0
41.67900085449219,11.875
41.51300048828125,11.75
41.26300048828125,11.625
41.10200119018555,11.625
40.856998443603516,11.625
41.25699996948242,11.75
41.310001373291016,11.75
41.54199981689453,12.0
41.7760009765625,12.125
42.71799850463867,12.25
42.95399856567383,12.25
43.37699890136719,12.5
43.79899978637695,12.5
44.03799819946289,12.5
43.48099899291992,12.25
43.66400146484375,12.125
44.43899917602539,12.125
44.62099838256836,12.0
45.22200012207031,12.25
46.025001525878906,12.375
46.84299850463867,12.375
47.67399978637695,12.375
48.10300064086914,12.375
48.53200149536133,12.375
48.75199890136719,12.375
48.76300048828125,12.375
48.7859992980957,12.625
49.020999908447266,12.875
49.4640007019043,13.0
50.32899856567383,13.0
50.7760009765625,13.0
51.007999420166016,13.0
51.45800018310547,13.125
51.474998474121094,13.125
51.49599838256836,13.25
51.94599914550781,13.375
51.96699905395508,13.375
52.20800018310547,13.5
52.665000915527344,13.625
52.90700149536133,13.625
52.91899871826172,13.625
53.16899871826172,13.75
54.069000244140625,13.875
51.555999755859375,13.875
50.882999420166016,14.125
50.145999908447266,14.125
49.481998443603516,14.125
48.87300109863281,14.0
48.27199935913086,13.875
47.46500015258789,13.75
46.50400161743164,13.75
46.9630012512207,13.875
47.422000885009766,13.875
47.68600082397461,13.875
48.14699935913086,14.0
48.608001708984375,14.0
49.069000244140625,14.0
49.33300018310547,14.125
49.80099868774414,14.25
50.064998626708984,14.25
50.12900161743164,14.375
50.60200119018555,14.625
50.87200164794922,14.625
51.143001556396484,14.75
51.2130012512207,14.875
51.9010009765625,15.0
50.07899856567383,14.875
49.512001037597656,14.75
49.143001556396484,14.75
48.439998626708984,14.625
48.159000396728516,14.625
47.54399871826172,14.5
47.42599868774414,14.625
46.770999908447266,14.5
46.88199996948242,14.5
47.36899948120117,14.5
47.85499954223633,14.5
48.340999603271484,14.5
48.82699966430664,14.5
49.31399917602539,14.5
49.4119987487793,14.5
49.90299987792969,14.625
50.78799819946289,14.625
49.117000579833984,14.5
48.972999572753906,14.625
48.74599838256836,14.5
48.97999954223633,14.5
49.74599838256836,14.375
48.37300109863281,14.125
48.20800018310547,14.0
48.02799987792969,13.75
47.987998962402344,13.625
48.22800064086914,13.375
48.72800064086914,13.25
48.88800048828125,13.125
49.36399841308594,13.125
49.8390007019043,13.125
50.106998443603516,13.125
50.37699890136719,13.25
50.44300079345703,13.375
50.72100067138672,13.625
50.79499816894531,13.625
49.755001068115234,13.5
49.70899963378906,13.25
49.68199920654297,13.125
49.487998962402344,12.875
49.32400131225586,12.75
48.86600112915039,12.5
48.9109992980957,12.375
49.097999572753906,12.125
49.33700180053711,11.875
50.18000030517578,11.875
50.53300094604492,11.625
51.17300033569336,11.625
51.393001556396484,11.625
51.61600112915039,11.625
52.053001403808594,11.75
52.4900016784668,11.75
52.49800109863281,11.75
52.72200012207031,11.875
52.948001861572266,11.875
53.79800033569336,11.875
54.45899963378906,11.875
54.683998107910156,12.0
54.9109992980957,12.125
55.14099884033203,12.125
56.03200149536133,12.0
56.257999420166016,12.0
56.2599983215332,12.0
56.49399948120117,12.25
56.72999954223633,12.375
57.194000244140625,12.5
58.35300064086914,12.5
55.93600082397461,12.25
54.97600173950195,12.125
54.24599838256836,12.125
53.2859992980957,12.0
52.5359992980957,12.0
52.084999084472656,12.0
51.83700180053711,11.875
51.41400146484375,11.875
51.012001037597656,11.875
50.21699905395508,11.75
49.84400177001953,11.875
49.266998291015625,11.75
48.749000549316406,11.875
49.00400161743164,11.875
49.26100158691406,12.0
49.52000045776367,12.125
49.58100128173828,12.25
50.04800033569336,12.5
50.51599884033203,12.5
50.77899932861328,12.5
51.04399871826172,12.625
51.51599884033203,12.75
51.78099822998047,12.75
52.67499923706055,12.875
51.14400100708008,12.75
50.832000732421875,12.75
50.52799987792969,12.75
50.22800064086914,12.75
50.137001037597656,12.75
49.85499954223633,12.625
49.92399978637695,12.625
50.39799880981445,12.875
50.87300109863281,12.875
51.143001556396484,12.875
51.2130012512207,13.0
51.4900016784668,13.25
51.972999572753906,13.375
52.25,13.375
52.73400115966797,13.5
53.21900177001953,13.5
50.7859992980957,13.125
50.691001892089844,13.125
50.40599822998047,13.0
50.28900146484375,13.0
50.766998291015625,13.0
49.29800033569336,12.75
49.055999755859375,12.5
48.14699935913086,12.25
48.11199951171875,12.375
47.9640007019043,12.25
48.20000076293945,12.125
48.07899856567383,12.25
48.349998474121094,12.625
48.624000549316406,12.75
49.09000015258789,12.875
49.55699920654297,12.875
50.02399826049805,12.875
50.4900016784668,12.875
50.9370002746582,12.75
51.61000061035156,13.0
51.87799835205078,13.0
52.35300064086914,13.125
52.236000061035156,13.0
50.75,12.875
51.42399978637695,13.125
51.17300033569336,13.0
51.643001556396484,13.0
51.70800018310547,13.0
52.18299865722656,13.25
52.65800094604492,13.25
53.13199996948242,13.25
53.611000061035156,13.375
54.0890007019043,13.375
54.56800079345703,13.375
52.79800033569336,13.0
52.20500183105469,13.125
51.72100067138672,13.125
51.422000885009766,13.125
50.8120002746582,13.125
50.78099822998047,13.0
51.236000061035156,12.875
48.60499954223633,12.5
47.89500045776367,12.375
47.1879997253418,12.25
46.564998626708984,12.125
45.486000061035156,12.0
45.72100067138672,12.25
45.95800018310547,12.375
46.375,12.5
46.79199981689453,12.5
47.027000427246094,12.5
47.44599914550781,12.625
47.8650016784668,12.625
48.847999572753906,12.625
49.08100128173828,12.625
49.507999420166016,12.75
49.933998107910156,12.75
50.952999114990234,12.75
49.58000183105469,12.5
49.11800003051758,12.375
48.729000091552734,12.375
48.55500030517578,12.375
48.40700149536133,12.25
47.89799880981445,12.125
47.58300018310547,12.25
47.46200180053711,12.25
47.1619987487793,12.125
46.86600112915039,12.125
47.28099822998047,12.125
47.321998596191406,12.125
47.74100112915039,12.375
48.1609992980957,12.375
48.39099884033203,12.375
48.62300109863281,12.5
49.047000885009766,12.625
49.27899932861328,12.625
50.09400177001953,12.75
49.03099822998047,12.625
49.132999420166016,12.625
48.887001037597656,12.5
48.87200164794922,12.625
48.85599899291992,12.625
49.10499954223633,12.625
49.375999450683594,12.5
49.65399932861328,12.375
49.61600112915039,12.25
49.84000015258789,12.375
50.262001037597656,12.5
50.29100036621094,12.5
51.112998962402344,12.625
49.2400016784668,12.625
49.05400085449219,12.75
48.89099884033203,12.75
49.301998138427734,12.75
48.67900085449219,12.5
48.61199951171875,12.5
48.58100128173828,12.375
48.20600128173828,12.25
48.17399978637695,12.375
48.17900085449219,12.375
48.02399826049805,12.25
48.03200149536133,12.25
48.435001373291016,12.5
48.643001556396484,12.5
48.85200119018555,12.625
49.06399917602539,12.75
49.27799987792969,12.875
49.689998626708984,13.0
49.904998779296875,13.0
48.52399826049805,12.75
47.68199920654297,12.25
47.452999114990234,12.125
47.470001220703125,12.0
47.861000061035156,11.875
48.33100128173828,11.75
48.87200164794922,11.625
49.64099884033203,11.625
50.42300033569336,11.625
50.80099868774414,11.625
50.97200012207031,11.625
50.939998626708984,11.75
51.32500076293945,12.0
51.71099853515625,12.0
52.09600067138672,12.0
52.27199935913086,12.0
52.45000076293945,12.125
52.63100051879883,12.25
53.448001861572266,12.375
53.84400177001953,12.375
54.2400016784668,12.375
54.63600158691406,12.375
55.03200149536133,12.375
55.428001403808594,12.375
55.38100051879883,12.375
55.56100082397461,12.625
55.525001525878906,12.75
55.71500015258789,13.0
56.125,13.125
55.665000915527344,13.125
56.084999084472656,13.625
56.2869987487793,13.625
56.70899963378906,13.75
57.130001068115234,13.75
57.332000732421875,13.75
57.75600051879883,13.875
58.402000427246094,13.875
56.04600143432617,13.875
55.29600143432617,13.75
54.54800033569336,13.625
53.81399917602539,13.5
52.66400146484375,13.375
51.42100143432617,13.375
50.617000579833984,13.5
51.03099822998047,13.5
51.444000244140625,13.5
51.858001708984375,13.5
52.27199935913086,13.5
52.28499984741211,13.5
52.10900115966797,13.625
52.33300018310547,14.125
52.7599983215332,14.25
53.1870002746582,14.25
53.41400146484375,14.25
53.643001556396484,14.375
53.874000549316406,14.5
54.106998443603516,14.625
54.143001556396484,14.75
54.582000732421875,15.0
55.632999420166016,15.0
53.81100082397461,14.75
53.132999420166016,14.625
52.6510009765625,14.625
51.92599868774414,14.5
51.5989990234375,14.625
51.11899948120117,14.5
51.08599853515625,14.5
48.69300079345703,14.375
47.72800064086914,14.25
46.79899978637695,14.0
46.507999420166016,13.875
46.441001892089844,13.875
46.40299987792969,13.75
46.257999420166016,13.75
46.49800109863281,13.875
46.558998107910156,13.75
46.6619987487793,13.75
47.007999420166016,13.75
47.80699920654297,13.625
46.22999954223633,13.375
46.03499984741211,13.5
45.98500061035156,13.375
45.94200134277344,13.25
45.724998474121094,13.125
45.74300003051758,13.125
45.12799835205078,12.625
45.117000579833984,12.5
45.43299865722656,12.5
45.95199966430664,12.5
46.099998474121094,12.375
46.255001068115234,12.375
46.097999572753906,12.375
46.31800079345703,12.75
46.72200012207031,12.875
46.941001892089844,12.875
47.347999572753906,13.0
47.75400161743164,13.0
47.972999572753906,13.0
48.76100158691406,13.125
48.60200119018555,13.125
48.67300033569336,13.125
48.9379997253418,13.125
49.209999084472656,13.125
49.61899948120117,13.125
50.027000427246094,13.125
50.43600082397461,13.125
50.45199966430664,13.125
50.8650016784668,13.375
51.08100128173828,13.375
51.856998443603516,13.375
52.68000030517578,13.375
53.097999572753906,13.375
53.31100082397461,13.5
53.73500061035156,13.625
53.74100112915039,13.625
53.54999923706055,13.875
53.98500061035156,14.25
54.2130012512207,14.25
54.650001525878906,14.375
54.87900161743164,14.375
54.902000427246094,14.5
55.138999938964844,14.75
55.152000427246094,14.75
55.393001556396484,15.0
56.25699996948242,15.125
53.7140007019043,15.0
52.79600143432617,15.0
51.948001861572266,15.0
51.108001708984375,15.0
50.268001556396484,15.0
49.61199951171875,15.0
49.01100158691406,14.875
48.24300003051758,14.75
47.51300048828125,14.75
46.97700119018555,14.75
46.34199905395508,14.625
45.37699890136719,14.625
45.6510009765625,14.875
46.09700012207031,15.0
46.369998931884766,15.0
46.819000244140625,15.125
47.266998291015625,15.125
47.71500015258789,15.125
47.98500061035156,15.125
48.435001373291016,15.25
48.88600158691406,15.25
49.33599853515625,15.25
49.7859992980957,15.25
50.05099868774414,15.25
50.1349983215332,15.375
50.40700149536133,15.625
50.680999755859375,15.75
51.702999114990234,15.875
49.83300018310547,15.625
49.54399871826172,15.75
49.249000549316406,15.625
48.95600128173828,15.5
49.25699996948242,15.375
46.875999450683594,15.0
45.78900146484375,14.75
44.819000244140625,14.625
44.553001403808594,14.5
44.28099822998047,14.375
43.85599899291992,14.25
43.50600051879883,14.25
42.797000885009766,14.25
42.78099822998047,14.625
42.52299880981445,14.5
42.11600112915039,14.625
41.8849983215332,14.875
42.17399978637695,15.0
42.46500015258789,15.125
43.07400131225586,15.25
41.91600036621094,15.25
41.53799819946289,15.375
41.69300079345703,15.5
41.76599884033203,15.375
40.9379997253418,15.0
40.47100067138672,14.625
40.08000183105469,14.5
40.25199890136719,14.5
40.9109992980957,14.5
41.435001373291016,14.375
41.82099914550781,14.375
42.41600036621094,14.375
43.01499938964844,14.375
43.29199981689453,14.375
43.73400115966797,14.5
44.17599868774414,14.5
44.61800003051758,14.5
45.060001373291016,14.5
45.332000732421875,14.5
46.29399871826172,14.625
46.308998107910156,14.375
46.57699966430664,14.25
47.02299880981445,14.25
47.35599899291992,14.125
47.87099838256836,14.0
48.20899963378906,13.875
48.54800033569336,13.875
49.137001037597656,13.875
49.750999450683594,13.75
50.57099914550781,13.75
51.20500183105469,13.75
51.448001861572266,13.875
51.66899871826172,13.875
51.90800094604492,13.875
52.14899826049805,14.0
52.59199905395508,14.125
53.034000396728516,14.125
53.47700119018555,14.125
54.319000244140625,14.0
55.18600082397461,14.0
56.066001892089844,14.0
56.29600143432617,14.0
56.52299880981445,14.0
56.972999572753906,14.125
57.42599868774414,14.25
57.880001068115234,14.25
58.33300018310547,14.25
59.47800064086914,14.25
56.97700119018555,14.0
56.426998138427734,14.0
55.654998779296875,13.875
54.88600158691406,13.875
54.11800003051758,13.875
53.696998596191406,13.875
53.07099914550781,13.75
52.487998962402344,13.75
51.91699981689453,13.75
51.14500045776367,13.625
51.59199905395508,13.75
51.83599853515625,13.75
52.28499984741211,13.875
52.52899932861328,13.875
52.775001525878906,14.0
53.229000091552734,14.0
53.26900100708008,14.0
53.31700134277344,14.125
53.77899932861328,14.25
54.2400016784668,14.25
54.70199966430664,14.25
55.16400146484375,14.25
55.625999450683594,14.25
55.875,14.25
56.3380012512207,14.375
57.45800018310547,14.375
56.39899826049805,14.125
54.22200012207031,13.875
52.99599838256836,13.625
52.220001220703125,13.625
51.33700180053711,13.375
50.91699981689453,13.25
50.70100021362305,13.0
50.5099983215332,12.75
50.388999938964844,12.5
49.709999084472656,12.25
49.6879997253418,12.25
49.27399826049805,12.125
49.270999908447266,12.25
48.882999420166016,12.125
49.11600112915039,12.25
49.54999923706055,12.25
49.98400115966797,12.25
50.417999267578125,12.25
50.948001861572266,12.125
51.17300033569336,12.125
51.19499969482422,12.25
51.632999420166016,12.375
52.70199966430664,12.375
51.867000579833984,12.125
52.0890007019043,12.125
52.32400131225586,12.0
52.55699920654297,11.875
52.816001892089844,11.75
52.650001525878906,11.625
52.75600051879883,11.5
52.53200149536133,11.5
52.742000579833984,11.625
52.948001861572266,11.75
52.944000244140625,11.75
53.37200164794922,12.0
53.58599853515625,12.0
53.801998138427734,12.125
54.02000045776367,12.25
54.027000427246094,12.375
54.46699905395508,12.625
54.90599822998047,12.625
55.345001220703125,12.625
55.56999969482422,12.625
56.01599884033203,12.75
55.566001892089844,12.375
55.45000076293945,12.125
56.31800079345703,12.375
56.97700119018555,12.375
57.64500045776367,12.5
57.86800003051758,12.5
57.86899948120117,12.625
57.87699890136719,12.875
58.33700180053711,13.125
59.02299880981445,13.125
59.48500061035156,13.125
59.715999603271484,13.125
59.72200012207031,13.25
60.393001556396484,13.125
61.09600067138672,13.125
61.80799865722656,13.125
62.04999923706055,13.25
62.29399871826172,13.25
62.303001403808594,13.375
62.79199981689453,13.625
63.04199981689453,13.625
63.53200149536133,13.75
60.749000549316406,13.75
59.93600082397461,13.875
58.91400146484375,13.875
58.46799850463867,14.0
58.053001403808594,13.875
57.41400146484375,13.75
56.8120002746582,13.75
57.30500030517578,13.75
57.797000885009766,13.75
58.28900146484375,13.75
58.5620002746582,13.75
59.055999755859375,13.875
59.55099868774414,13.875
59.5989990234375,13.875
60.09700012207031,14.125
60.14799880981445,14.125
59.766998291015625,14.375
59.625999450683594,14.875
60.13999938964844,15.25
60.654998779296875,15.25
61.16899871826172,15.25
61.68299865722656,15.25
62.875999450683594,15.25
61.45800018310547,15.0
61.29899978637695,14.875
61.15399932861328,14.75
61.03300094604492,14.625
60.933998107910156,14.5
60.83000183105469,14.375
60.736000061035156,14.25
60.65299987792969,14.125
60.14099884033203,14.0
59.86600112915039,14.125
59.858001708984375,14.125
59.7130012512207,14.125
59.79899978637695,14.25
59.847999572753906,14.375
60.34600067138672,14.5
60.39500045776367,14.5
60.67300033569336,14.75
60.72999954223633,14.875
61.01499938964844,15.125
61.52399826049805,15.25
61.584999084472656,15.25
62.54899978637695,15.375
60.542999267578125,15.375
59.935001373291016,15.375
59.560001373291016,15.375
58.99599838256836,15.25
58.24300003051758,15.25
57.143001556396484,15.375
57.659000396728516,15.75
58.17599868774414,15.75
58.481998443603516,15.75
58.582000732421875,15.875
58.89400100708008,16.125
59.41699981689453,16.25
59.729000091552734,16.25
59.29100036621094,16.375
59.43199920654297,16.375
59.229000091552734,16.125
59.494998931884766,16.25
60.20500183105469,16.375
61.13600158691406,16.5
61.64699935913086,16.5
62.38199996948242,16.75
63.349998474121094,16.875
63.6510009765625,16.875
63.95399856567383,17.0
64.48400115966797,17.125
65.01399993896484,17.125
65.31500244140625,17.125
65.61699676513672,17.25
66.61399841308594,17.375
64.18499755859375,17.25
63.93299865722656,17.125
63.50699996948242,17.125
62.89799880981445,17.0
62.5369987487793,17.0
62.180999755859375,16.875
61.617000579833984,16.75
61.70399856567383,16.75
62.231998443603516,17.0
62.540000915527344,17.0
62.849998474121094,17.125
63.38100051879883,17.25
63.91299819946289,17.25
64.66999816894531,17.25
64.97599792480469,17.25
65.51000213623047,17.375
65.81500244140625,17.375
66.35199737548828,17.5
66.1969985961914,17.5
66.50900268554688,17.875
67.052001953125,18.0
67.59500122070312,18.0
67.6719970703125,18.0
68.21800231933594,18.25
69.0,18.25
69.5479965209961,18.25
69.85700225830078,18.25
70.16699981689453,18.375
70.71800231933594,18.5
70.78700256347656,18.5
70.85900115966797,18.625
71.177001953125,19.0
71.49700164794922,19.125
72.05699920654297,19.25
71.89800262451172,19.25
72.46199798583984,19.5
73.50800323486328,19.625
72.50499725341797,19.5
70.28399658203125,19.25
69.04000091552734,19.125
68.30000305175781,19.125
68.28099822998047,18.875
65.22799682617188,18.375
63.7599983215332,18.0
62.321998596191406,17.75
60.6879997253418,17.625
60.266998291015625,17.5
59.869998931884766,17.5
59.4739990234375,17.5
59.59199905395508,17.5
60.13199996948242,17.75
60.672000885009766,17.75
61.2130012512207,17.75
59.452999114990234,17.75
58.40999984741211,17.75
58.49100112915039,17.875
58.176998138427734,17.875
57.68600082397461,18.125
57.88199996948242,18.5
57.68600082397461,18.5
57.71699905395508,18.75
57.74800109863281,18.875
58.071998596191406,18.875
58.597999572753906,19.0
59.124000549316406,19.0
59.64899826049805,19.0
60.17499923706055,19.0
59.301998138427734,18.625
58.986000061035156,18.375
59.345001220703125,18.375
58.56800079345703,18.0
58.569000244140625,17.75
58.50199890136719,17.5
58.279998779296875,17.375
57.698001861572266,17.125
57.17399978637695,17.125
57.176998138427734,17.125
57.064998626708984,16.875
57.12900161743164,16.75
57.05400085449219,16.625
57.448001861572266,16.375
58.28499984741211,16.5
58.731998443603516,16.5
59.18000030517578,16.5
59.22600173950195,16.5
59.676998138427734,16.75
59.72600173950195,16.75
60.180999755859375,17.0
60.233001708984375,17.0
60.4900016784668,17.25
60.95000076293945,17.375
61.20800018310547,17.375
61.874000549316406,17.5
62.3380012512207,17.5
62.80099868774414,17.5
63.26499938964844,17.5
63.518001556396484,17.5
63.983001708984375,17.625
64.23699951171875,17.625
64.7040023803711,17.75
65.1709976196289,17.75
65.63800048828125,17.75
66.1050033569336,17.75
66.13700103759766,17.75
66.39099884033203,18.0
66.64600372314453,18.125
67.77999877929688,18.25
65.83899688720703,18.0
65.37200164794922,17.875
64.91699981689453,17.75
64.0790023803711,17.625
64.30999755859375,17.75
61.93299865722656,17.375
60.698001861572266,17.125
59.27199935913086,16.875
58.30699920654297,16.875
56.847999572753906,16.625
56.38399887084961,16.75
55.73500061035156,16.75
55.130001068115234,16.75
55.582000732421875,16.875
56.040000915527344,16.875
56.49800109863281,16.875
56.957000732421875,16.875
57.415000915527344,16.875
58.26300048828125,16.875
57.06700134277344,16.625
57.356998443603516,16.5
55.64500045776367,16.25
54.82500076293945,16.0
54.290000915527344,15.75
53.75,15.5
53.19599914550781,15.25
52.83100128173828,15.0
52.518001556396484,14.75
52.43899917602539,14.5
52.229000091552734,14.25
52.15399932861328,14.25
52.20199966430664,14.25
52.44200134277344,14.5
52.68299865722656,14.625
52.92599868774414,14.75
53.358001708984375,14.875
53.78900146484375,14.875
54.22100067138672,14.875
54.46200180053711,14.875
54.89500045776367,15.0
55.13600158691406,15.0
54.612998962402344,14.875
54.617000579833984,14.875
54.4379997253418,14.875
55.058998107910156,15.0
53.25400161743164,14.625
53.11199951171875,14.375
53.02799987792969,14.25
52.946998596191406,14.25
52.72200012207031,14.25
52.316001892089844,14.125
52.737998962402344,14.125
52.97200012207031,14.125
53.20800018310547,14.25
53.44599914550781,14.375
53.874000549316406,14.5
54.11199951171875,14.5
55.119998931884766,14.625
55.35900115966797,14.625
55.40599822998047,14.75
55.64799880981445,14.75
56.08700180053711,14.875
56.5260009765625,14.875
56.57099914550781,14.875
57.013999938964844,15.125
57.25899887084961,15.125
57.702999114990234,15.25
57.948001861572266,15.25
58.19499969482422,15.375
58.64400100708008,15.5
59.09199905395508,15.5
59.54100036621094,15.5
59.78499984741211,15.5
60.23500061035156,15.625
60.47999954223633,15.625
60.93199920654297,15.75
61.38399887084961,15.75
61.83700180053711,15.75
62.28900146484375,15.75
62.74100112915039,15.75
62.97999954223633,15.75
63.40999984741211,15.625
63.861000061035156,15.625
64.31199645996094,15.625
64.76300048828125,15.625
64.99299621582031,15.625
65.22599792480469,15.75
65.45999908447266,15.875
65.69599914550781,16.0
66.15399932861328,16.0
66.61199951171875,16.0
67.06999969482422,16.0
67.52799987792969,16.0
67.98699951171875,16.0
69.13899993896484,16.0
67.19300079345703,15.75
65.94599914550781,15.875
65.01399993896484,16.0
64.20600128173828,16.125
63.57099914550781,16.25
63.189998626708984,16.25
62.63600158691406,16.25
61.790000915527344,16.25
61.96900177001953,16.5
62.268001556396484,16.5
62.50699996948242,16.5
63.604000091552734,16.625
61.840999603271484,16.375
61.83700180053711,16.5
61.99700164794922,16.375
61.96200180053711,16.25
62.38100051879883,16.25
61.13100051879883,16.125
60.73400115966797,15.875
60.152000427246094,15.75
59.948001861572266,15.625
59.79499816894531,15.5
59.92300033569336,15.5
59.8849983215332,15.375
60.051998138427734,15.375
60.03099822998047,15.375
60.2599983215332,15.375
60.275001525878906,15.5
60.71799850463867,15.75
61.1619987487793,15.75
61.183998107910156,15.75
61.63100051879883,16.0
62.00699996948242,15.875
62.88600158691406,16.0
63.55699920654297,16.0
65.14099884033203,16.125
65.18699645996094,15.875
66.51799774169922,15.75
64.37000274658203,15.375
63.770999908447266,15.75
63.13600158691406,15.75
62.582000732421875,15.75
62.250999450683594,15.75
61.47100067138672,15.625
60.92900085449219,15.625
60.63100051879883,15.75
60.125,15.625
59.84199905395508,15.625
59.560001373291016,15.5
59.926998138427734,15.375
59.643001556396484,15.125
60.5369987487793,15.125
61.444000244140625,15.125
62.3650016784668,15.125
62.354000091552734,15.125
62.81700134277344,15.25
63.27199935913086,15.25
63.73500061035156,15.25
63.72200012207031,15.25
63.25199890136719,15.375
63.494998931884766,15.625
63.97100067138672,15.75
64.4469985961914,15.75
64.68800354003906,15.75
64.46600341796875,15.75
64.94999694824219,15.875
65.19999694824219,15.875
65.4520034790039,16.0
65.94000244140625,16.125
66.66400146484375,16.125
67.15399932861328,16.125
67.4020004272461,16.125
67.6520004272461,16.25
67.90499877929688,16.25
68.39600372314453,16.25
68.88700103759766,16.25
69.13400268554688,16.25
69.38200378417969,16.25
69.63300323486328,16.375
69.88500213623047,16.5
70.13899993896484,16.625
70.63899993896484,16.75
71.13899993896484,16.75
71.63899993896484,16.75
71.88899993896484,16.75
72.39099884033203,16.875
72.89299774169922,16.875
73.39399719238281,16.875
73.64099884033203,16.875
74.1449966430664,16.875
74.39199829101562,16.875
74.63999938964844,17.0
74.63600158691406,17.125
75.9209976196289,17.25
73.87300109863281,17.0
72.72200012207031,17.125
71.43699645996094,17.125
70.96900177001953,17.375
70.38500213623047,17.375
70.59200286865234,17.375
68.24099731445312,17.125
66.88800048828125,16.875
65.76699829101562,16.75
64.19100189208984,16.5
63.15999984741211,16.5
61.70500183105469,16.25
61.68600082397461,16.25
62.33700180053711,16.125
59.68600082397461,15.75
59.040000915527344,15.625
58.18600082397461,15.5
57.86800003051758,15.375
57.54800033569336,15.25
57.231998443603516,15.125
56.970001220703125,15.0
56.310001373291016,14.875
56.362998962402344,15.0
56.834999084472656,15.25
55.73400115966797,14.875
55.612998962402344,14.75
55.54199981689453,14.75
55.659000396728516,14.625
56.51499938964844,14.75
55.768001556396484,14.5
55.53300094604492,14.375
54.75,14.375
54.941001892089844,14.5
54.71699905395508,14.5
54.70199966430664,14.625
54.888999938964844,14.625
55.07400131225586,14.5
54.8489990234375,14.375
55.48099899291992,14.375
55.93000030517578,14.5
56.37799835205078,14.5
56.82600021362305,14.5
57.48699951171875,14.5
55.29399871826172,14.5
54.45399856567383,14.375
52.37300109863281,14.0
51.0,13.625
50.09000015258789,13.25
49.696998596191406,13.0
49.32099914550781,12.875
48.72800064086914,12.75
49.13800048828125,12.75
49.742000579833984,12.875
50.35499954223633,13.0
50.7760009765625,13.0
51.0,13.0
51.03099822998047,13.125
51.262001037597656,13.375
51.69200134277344,13.5
51.92399978637695,13.5
52.35599899291992,13.625
52.5890007019043,13.625
53.01900100708008,13.625
53.44900131225586,13.625
53.676998138427734,13.625
53.90599822998047,13.75
54.13800048828125,13.875
54.57500076293945,14.0
54.80699920654297,14.0
55.244998931884766,14.125
55.683998107910156,14.125
56.12300109863281,14.125
56.56100082397461,14.125
57.0,14.125
57.01499938964844,14.125
57.45800018310547,14.375
57.900001525878906,14.375
58.12900161743164,14.375
58.145999908447266,14.5
58.595001220703125,14.75
58.82899856567383,14.75
59.064998626708984,14.875
59.303001403808594,15.0
59.33000183105469,15.125
59.362998962402344,15.375
59.82600021362305,15.625
60.07400131225586,15.625
60.32500076293945,15.75
60.57699966430664,15.875
61.04600143432617,16.0
61.29800033569336,16.0
60.702999114990234,16.125
61.608001708984375,16.75
61.04899978637695,16.625
58.93000030517578,16.25
58.03900146484375,16.0
56.93299865722656,15.75
56.11000061035156,15.75
55.5629997253418,15.625
55.07600021362305,15.375
54.38999938964844,15.125
54.141998291015625,15.125
53.720001220703125,14.875
54.29199981689453,14.875
54.68199920654297,14.75
55.08399963378906,14.75
56.35900115966797,14.875
54.05500030517578,14.75
53.310001373291016,14.75
52.60100173950195,14.75
52.159000396728516,14.75
51.428001403808594,14.625
51.084999084472656,14.75
50.736000061035156,14.625
50.45100021362305,14.5
50.73500061035156,14.375
50.65599822998047,14.25
50.007999420166016,14.125
49.89099884033203,14.25
50.349998474121094,14.625
50.80799865722656,14.625
51.07500076293945,14.625
51.152000427246094,14.75
51.236000061035156,15.0
52.284000396728516,15.25
50.99599838256836,15.0
50.99599838256836,15.0
50.80400085449219,15.0
51.17499923706055,14.875
51.16400146484375,14.75
51.347999572753906,14.75
51.145999908447266,14.625
51.33000183105469,14.75
51.57099914550781,14.625
52.430999755859375,14.5
51.064998626708984,14.125
50.8380012512207,13.875
50.4379997253418,13.625
49.88399887084961,13.5
49.73500061035156,13.5
49.224998474121094,13.375
49.66699981689453,13.5
50.11199951171875,13.625
50.362998962402344,13.625
50.81100082397461,13.75
50.672000885009766,13.75
50.12900161743164,13.75
49.882999420166016,13.75
49.85100173950195,13.75
50.09299850463867,13.75
50.90599822998047,13.875
51.731998443603516,13.875
52.17399978637695,13.875
52.61899948120117,14.0
53.215999603271484,13.75
53.654998779296875,13.75
54.095001220703125,13.75
54.534000396728516,13.75
54.972999572753906,13.75
55.20399856567383,13.75
55.43600082397461,13.875
55.880001068115234,14.0
56.11199951171875,14.0
56.34700012207031,14.125
56.58399963378906,14.25
57.03300094604492,14.375
57.27000045776367,14.375
57.72200012207031,14.5
57.74599838256836,14.5
58.85100173950195,14.75
56.09299850463867,14.5
55.07500076293945,14.5
54.108001708984375,14.375
53.14899826049805,14.375
52.46799850463867,14.375
51.856998443603516,14.25
51.16899871826172,14.125
49.948001861572266,14.125
50.39799880981445,14.5
50.659000396728516,14.5
50.73500061035156,14.625
51.191001892089844,14.875
51.64699935913086,14.875
52.10300064086914,14.875
52.558998107910156,14.875
53.01499938964844,14.875
50.79899978637695,14.5
51.624000549316406,14.625
50.60900115966797,14.375
51.430999755859375,14.375
50.49300003051758,14.125
51.3129997253418,14.25
50.39400100708008,14.0
51.02199935913086,14.125
50.23400115966797,14.0
50.29899978637695,14.125
50.742000579833984,14.375
50.810001373291016,14.375
51.069000244140625,14.625
51.89699935913086,14.75
50.36600112915039,14.625
50.13199996948242,14.75
49.893001556396484,14.75
48.07699966430664,14.375
48.255001068115234,14.125
49.04100036621094,14.125
49.8390007019043,14.125
50.27000045776367,14.125
50.51100158691406,14.125
51.323001861572266,14.125
49.345001220703125,14.0
48.882999420166016,14.0
48.082000732421875,13.875
47.29899978637695,14.0
47.72800064086914,14.125
48.15700149536133,14.125
48.404998779296875,14.125
48.83599853515625,14.25
49.270999908447266,14.375
50.07899856567383,14.375
48.33100128173828,14.5
48.15999984741211,14.625
47.66899871826172,14.5
47.59700012207031,14.625
47.40999984741211,14.5
47.31399917602539,14.5
47.75299835205078,14.875
47.8390007019043,14.875
47.75699996948242,15.125
48.207000732421875,15.5
48.47999954223633,15.5
48.58100128173828,15.625
48.861000061035156,15.875
49.31800079345703,16.0
47.893001556396484,15.625
47.3129997253418,15.5
48.09700012207031,15.5
47.07400131225586,15.25
47.856998443603516,15.5
47.242000579833984,15.375
48.025001525878906,15.5
47.457000732421875,15.25
47.72999954223633,15.5
47.38399887084961,15.5
48.167999267578125,15.5
