average_wait_time,average_people_at_busstops,bus0_speed,bus0_position,bus1_speed,bus1_position,bus2_speed,bus2_position,bus3_speed,bus3_position,bus4_speed,bus4_position,bus5_speed,bus5_position,bus6_speed,bus6_position,bus7_speed,bus7_position,bus8_speed,bus8_position,bus9_speed,bus9_position
0.0,0.0,0.0,0.0,0.0,0.0,0.0,0.0,0.0,0.0,0.0,0.0,0.0,0.0,0.0,0.0,0.0,0.0,0.0,0.0,0.0,0.0
1.0,0.125,0.0,1.5,0.0,1.0,0.0,0.0,0.0,0.5,4.320000171661377,1.7000000476837158,1.7999999523162842,1.5,0.0,0.5,0.0,1.0,3.5899999141693115,1.0,8.640000343322754,3.5999999046325684
4.400000095367432,0.625,0.0,2.0,0.0,1.0,0.0,0.0,0.0,0.5,17.899999618530273,22.3799991607666,0.0,1.5,0.0,0.5,0.0,1.0,10.529999732971191,11.140000343322754,18.389999389648438,26.989999771118164
2.799999952316284,0.75,3.5799999237060547,2.990000009536743,0.0,2.5,4.099999904632568,2.640000104904175,8.9399995803833,6.460000038146973,0.0,28.600000381469727,1.0700000524520874,2.990000009536743,0.0,2.0,8.3100004196167,4.449999809265137,15.220000267028809,28.8700008392334,11.380000114440918,34.41999816894531
5.454545497894287,0.875,0.0,3.490000009536743,13.140000343322754,12.039999961853027,14.220000267028809,19.0,18.579999923706055,27.1299991607666,0.0,28.600000381469727,8.59000015258789,7.710000038146973,14.420000076293945,15.550000190734863,14.260000228881836,22.459999084472656,0.0,29.100000381469727,32.97999954223633,68.22000122070312
8.166666984558105,1.0,0.0,3.490000009536743,13.09000015258789,31.59000015258789,0.0,30.600000381469727,0.0,29.600000381469727,10.279999732971191,38.099998474121094,15.300000190734863,28.43000030517578,0.0,31.09000015258789,0.0,30.100000381469727,4.320000171661377,30.299999237060547,43.61000061035156,122.0199966430664
9.800000190734863,1.375,11.15999984741211,13.0,0.0,31.59000015258789,4.320000171661377,31.799999237060547,12.140000343322754,39.099998474121094,17.280000686645508,50.099998474121094,0.0,32.09000015258789,0.0,31.09000015258789,4.739999771118164,33.880001068115234,0.0,38.599998474121094,49.65999984741211,189.30999755859375
11.0,1.75,1.2400000095367432,32.59000015258789,4.590000152587891,34.06999969482422,0.0,40.099998474121094,0.0,39.099998474121094,30.760000228881836,83.11000061035156,4.320000171661377,33.290000915527344,7.130000114440918,40.599998474121094,0.0,39.599998474121094,4.320000171661377,39.79999923706055,50.0,258.70001220703125
14.199999809265137,1.875,8.8100004196167,40.13999938964844,0.0,41.09000015258789,0.0,40.099998474121094,4.320000171661377,40.29999923706055,35.84000015258789,133.17999267578125,0.0,41.59000015258789,0.0,40.599998474121094,0.0,39.599998474121094,0.0,48.099998474121094,50.0,328.1400146484375
16.363636016845703,2.0,0.0,42.09000015258789,4.320000171661377,42.29999923706055,4.590000152587891,43.779998779296875,0.0,48.599998474121094,46.150001525878906,190.24000549316406,0.0,41.59000015258789,4.329999923706055,43.0,0.0,49.099998474121094,0.0,48.099998474121094,50.0,397.5899963378906
17.959999084472656,2.375,0.0,42.09000015258789,5.21999979019165,48.869998931884766,3.5799999237060547,50.59000015258789,3.819999933242798,51.70000076293945,50.0,258.9100036621094,4.860000133514404,45.41999816894531,5.289999961853027,49.84000015258789,3.759999990463257,51.13999938964844,4.010000228881836,52.310001373291016,50.0,467.0400085449219
19.13793182373047,2.875,0.0,42.09000015258789,3.8399999141693115,54.7599983215332,8.579999923706055,57.369998931884766,0.0,58.099998474121094,50.0,328.3599853515625,3.819999933242798,54.189998626708984,4.260000228881836,55.4900016784668,6.210000038146973,58.599998474121094,14.119999885559082,67.18000030517578,50.0,536.47998046875
21.21875,3.25,4.789999961853027,47.209999084472656,3.2100000381469727,60.099998474121094,0.0,59.099998474121094,8.649999618530273,65.30999755859375,50.0,397.80999755859375,4.210000038146973,59.70000076293945,0.0,59.599998474121094,0.0,58.599998474121094,22.100000381469727,95.44000244140625,32.70000076293945,600.3200073242188
22.135135650634766,3.75,6.440000057220459,61.09000015258789,0.0,60.099998474121094,0.0,59.099998474121094,18.43000030517578,86.23999786376953,50.0,467.25,0.0,60.59000015258789,0.0,59.599998474121094,11.260000228881836,64.86000061035156,24.81999969482422,131.2899932861328,32.900001525878906,635.510009765625
25.810810089111328,3.75,0.0,61.09000015258789,0.0,60.099998474121094,4.320000171661377,60.29999923706055,38.09000015258789,129.02999877929688,50.0,536.7000122070312,0.0,60.59000015258789,0.0,59.599998474121094,4.53000020980835,70.55999755859375,30.889999389648438,170.8699951171875,47.5099983215332,694.6900024414062
29.078947067260742,3.75,0.0,61.09000015258789,8.619999885559082,67.83000183105469,16.190000534057617,77.5999984741211,48.79999923706055,191.02000427246094,43.40999984741211,604.3099975585938,3.7899999618530273,61.650001525878906,16.18000030517578,72.76000213623047,10.0600004196167,81.27999877929688,36.58000183105469,216.25999450683594,6.320000171661377,738.6500244140625
26.409090042114258,4.125,6.059999942779541,68.66000366210938,0.0,79.0999984741211,12.8100004196167,85.18000030517578,50.0,259.9800109863281,33.0099983215332,645.4500122070312,18.31999969482422,76.48999786376953,0.0,78.5999984741211,15.8100004196167,97.81999969482422,49.040000915527344,278.95001220703125,4.639999866485596,742.4099731445312
30.159090042114258,4.125,0.0,80.0999984741211,0.0,79.0999984741211,26.489999771118164,117.5,50.0,329.42999267578125,38.36000061035156,694.6799926757812,0.0,79.5999984741211,8.59000015258789,84.5199966430664,21.1299991607666,124.43000030517578,50.0,348.3900146484375,14.239999771118164,756.9400024414062
31.565217971801758,3.75,0.0,80.0999984741211,0.0,79.0999984741211,21.829999923706055,147.80999755859375,50.0,398.8800048828125,39.279998779296875,748.6799926757812,0.0,79.5999984741211,4.480000019073486,90.54000091552734,21.790000915527344,153.4499969482422,50.0,417.8399963378906,27.299999237060547,784.0399780273438
34.12765884399414,3.875,0.0,80.0999984741211,8.069999694824219,86.77999877929688,24.040000915527344,179.8800048828125,50.0,468.3299865722656,47.220001220703125,807.8699951171875,6.980000019073486,84.30999755859375,21.829999923706055,108.87000274658203,25.510000228881836,186.47000122070312,50.0,487.2900085449219,45.33000183105469,836.0999755859375
36.0,4.125,8.9399995803833,86.18000030517578,7.019999980926514,98.0999984741211,33.400001525878906,219.47999572753906,50.0,537.780029296875,50.0,876.4600219726562,8.649999618530273,96.6500015258789,27.899999618530273,146.75999450683594,33.5099983215332,228.92999267578125,50.0,556.739990234375,47.70000076293945,899.3699951171875
34.05769348144531,3.875,0.0,99.0999984741211,4.199999809265137,102.41000366210938,35.720001220703125,268.19000244140625,50.0,607.219970703125,3.700000047683716,896.4099731445312,0.0,98.5999984741211,39.86000061035156,195.64999389648438,39.88999938964844,278.8500061035156,32.470001220703125,620.4500122070312,50.0,968.5800170898438
35.907405853271484,4.25,0.0,99.0999984741211,15.430000305175781,120.8499984741211,43.689998626708984,325.9100036621094,18.389999389648438,640.6099853515625,25.299999237060547,919.5399780273438,12.960000038146973,105.80000305175781,47.529998779296875,257.0400085449219,46.06999969482422,338.5,21.25,648.1799926757812,50.0,1038.02001953125
37.57143020629883,4.25,1.690000057220459,108.43000030517578,15.239999771118164,141.60000610351562,49.869998931884766,392.19000244140625,25.170000076293945,670.1199951171875,43.54999923706055,969.6599731445312,7.039999961853027,112.88999938964844,50.0,325.989990234375,50.0,407.3399963378906,23.299999237060547,678.7000122070312,50.0,1107.469970703125
40.105262756347656,4.625,4.320000171661377,112.12000274658203,29.559999465942383,177.39999389648438,50.0,461.57000732421875,33.650001525878906,715.4500122070312,49.84000015258789,1037.8699951171875,17.459999084472656,130.9199981689453,50.0,395.44000244140625,50.0,476.7900085449219,30.65999984741211,715.8800048828125,50.0,1176.9200439453125
41.949153900146484,4.75,0.1899999976158142,118.0999984741211,39.13999938964844,226.00999450683594,50.0,531.02001953125,48.959999084472656,775.989990234375,49.9900016784668,1107.25,31.84000015258789,168.88999938964844,50.0,464.8800048828125,50.0,546.239990234375,18.0,757.6500244140625,50.0,1246.3699951171875
41.92063522338867,5.0,0.0,118.44000244140625,47.58000183105469,287.80999755859375,50.0,600.4600219726562,50.0,845.4400024414062,50.0,1176.68994140625,43.029998779296875,222.25,50.0,534.3300170898438,50.0,615.6900024414062,7.539999961853027,761.75,50.0,1315.8199462890625
43.846153259277344,5.375,3.7200000286102295,121.54000091552734,49.5099983215332,355.94000244140625,25.25,651.75,32.650001525878906,909.239990234375,50.0,1246.1400146484375,49.380001068115234,288.7200012207031,50.0,603.780029296875,24.260000228881836,658.27001953125,15.640000343322754,778.780029296875,50.0,1385.260009765625
46.92307662963867,5.25,13.65999984741211,131.72999572753906,50.0,425.1499938964844,26.670000076293945,681.47998046875,4.440000057220459,917.8099975585938,50.0,1315.5799560546875,49.90999984741211,357.8699951171875,25.260000228881836,663.469970703125,35.7599983215332,701.530029296875,30.729999542236328,812.2000122070312,50.0,1454.7099609375
48.68656539916992,5.5,26.229999542236328,163.0800018310547,50.0,494.5899963378906,38.75,730.5900268554688,13.529999732971191,931.3900146484375,50.0,1385.030029296875,50.0,427.32000732421875,36.06999969482422,703.72998046875,44.560001373291016,761.77001953125,42.31999969482422,862.5700073242188,50.0,1524.1600341796875
51.776119232177734,5.5,37.7599983215332,209.07000732421875,50.0,564.0399780273438,48.91999816894531,795.3800048828125,31.639999389648438,963.3300170898438,50.0,1454.47998046875,50.0,496.7699890136719,47.95000076293945,766.5399780273438,0.0,778.6500244140625,50.0,929.3699951171875,50.0,1593.6099853515625
54.25,5.5,43.34000015258789,267.25,50.0,633.489990234375,50.0,864.489990234375,43.34000015258789,1017.1699829101562,50.0,1523.9200439453125,50.0,566.219970703125,3.700000047683716,790.1799926757812,13.75,790.9099731445312,50.0,998.8200073242188,50.0,1663.06005859375
58.43283462524414,5.75,50.0,332.04998779296875,23.31999969482422,681.6900024414062,33.5,928.77001953125,50.0,1084.739990234375,50.0,1593.3699951171875,50.0,635.6599731445312,0.0,798.6500244140625,29.5,821.72998046875,50.0,1068.27001953125,50.0,1732.5
60.07246398925781,5.875,50.0,401.489990234375,38.619998931884766,726.8099975585938,0.0,935.3800048828125,50.0,1154.1800537109375,50.0,1662.8199462890625,24.260000228881836,689.5499877929688,20.639999389648438,816.3800048828125,44.029998779296875,874.3200073242188,50.0,1137.719970703125,24.229999542236328,1791.6300048828125
61.760562896728516,6.0,50.0,470.94000244140625,44.790000915527344,784.3800048828125,9.329999923706055,945.4299926757812,50.0,1223.6300048828125,29.920000076293945,1704.530029296875,35.619998931884766,732.9600219726562,26.760000228881836,845.1500244140625,49.209999084472656,940.9400024414062,50.0,1207.1700439453125,35.2400016784668,1830.6800537109375
64.33333587646484,6.25,50.0,540.3900146484375,50.0,851.72998046875,23.239999771118164,966.8200073242188,50.0,1293.0799560546875,39.869998931884766,1753.699951171875,45.0,787.9299926757812,42.47999954223633,895.8599853515625,49.939998626708984,1010.0700073242188,50.0,1276.6099853515625,47.66999816894531,1891.0699462890625
55.643836975097656,5.625,50.0,609.8400268554688,50.0,921.1799926757812,28.75,998.2999877929688,50.0,1362.52001953125,42.970001220703125,1811.7900390625,0.0,818.6500244140625,48.40999984741211,958.969970703125,50.0,1079.489990234375,50.0,1346.06005859375,4.320000171661377,1911.47998046875
31.95945930480957,3.625,49.58000183105469,679.1699829101562,0.0,955.3800048828125,41.08000183105469,1048.47998046875,50.0,1431.969970703125,8.640000343322754,1827.260009765625,6.480000019073486,825.25,50.0,1027.8699951171875,50.0,1148.93994140625,50.0,1415.510009765625,18.920000076293945,1930.6199951171875
34.30986022949219,3.375,28.690000534057617,717.6300048828125,3.930000066757202,960.0700073242188,48.34000015258789,1113.3399658203125,50.0,1501.4200439453125,18.440000534057617,1848.239990234375,23.989999771118164,847.530029296875,50.0,1097.31005859375,50.0,1218.3900146484375,50.0,1484.949951171875,31.850000381469727,1970.3199462890625
35.72222137451172,3.5,39.029998779296875,763.2100219726562,14.260000228881836,971.6900024414062,49.5099983215332,1181.8499755859375,50.0,1570.8699951171875,31.34000015258789,1888.199951171875,36.779998779296875,890.8300170898438,50.0,1166.760009765625,50.0,1287.8399658203125,50.0,1554.4000244140625,41.95000076293945,2025.8199462890625
37.15068435668945,3.5,50.0,827.9099731445312,22.559999465942383,999.97998046875,50.0,1251.1099853515625,50.0,1640.31005859375,47.29999923706055,1946.0699462890625,47.470001220703125,952.4000244140625,50.0,1236.2099609375,50.0,1357.280029296875,50.0,1623.8499755859375,48.95000076293945,2090.22998046875
38.64864730834961,3.75,50.0,897.3599853515625,39.41999816894531,1046.3499755859375,50.0,1320.56005859375,28.829999923706055,1702.0,50.0,2014.43994140625,49.310001373291016,1020.2999877929688,50.0,1305.6500244140625,50.0,1426.72998046875,50.0,1693.300048828125,50.0,2159.679931640625
40.14666748046875,3.875,41.36000061035156,964.4000244140625,50.0,1110.6500244140625,50.0,1390.010009765625,34.880001068115234,1742.7099609375,50.0,2083.889892578125,50.0,1089.4000244140625,50.0,1375.0999755859375,50.0,1496.1800537109375,50.0,1762.75,50.0,2229.1298828125
41.16883087158203,4.125,0.0,975.3800048828125,50.0,1180.0999755859375,50.0,1459.449951171875,45.0,1800.3800048828125,50.0,2153.340087890625,50.0,1158.8499755859375,50.0,1444.550048828125,50.0,1565.6199951171875,20.479999542236328,1817.3199462890625,50.0,2298.580078125
42.24050521850586,4.375,3.109999895095825,977.1099853515625,50.0,1249.5400390625,50.0,1528.9000244140625,5.960000038146973,1843.6600341796875,50.0,2222.780029296875,50.0,1228.2900390625,50.0,1514.0,50.0,1635.0699462890625,34.369998931884766,1855.1500244140625,50.0,2368.02001953125
44.45569610595703,4.375,3.4600000381469727,981.6699829101562,50.0,1318.989990234375,50.0,1598.3499755859375,8.640000343322754,1847.260009765625,50.0,2292.22998046875,50.0,1297.739990234375,50.0,1583.43994140625,50.0,1704.52001953125,44.459999084472656,1910.72998046875,50.0,2437.469970703125
45.61249923706055,4.25,13.199999809265137,993.1199951171875,50.0,1388.43994140625,50.0,1667.800048828125,8.920000076293945,1859.6600341796875,50.0,2361.679931640625,50.0,1367.18994140625,50.0,1652.8900146484375,50.0,1773.9599609375,3.6600000858306885,1931.300048828125,50.0,2506.919921875
47.22222137451172,4.5,34.79999923706055,1029.43994140625,50.0,1457.8900146484375,25.600000381469727,1727.68994140625,15.550000190734863,1877.6500244140625,50.0,2431.1201171875,50.0,1436.6400146484375,50.0,1722.3399658203125,21.600000381469727,1831.6300048828125,17.079999923706055,1949.719970703125,50.0,2576.3701171875
48.31325149536133,4.75,48.900001525878906,1089.77001953125,50.0,1527.3299560546875,35.61000061035156,1770.8299560546875,32.83000183105469,1911.239990234375,25.559999465942383,2471.81005859375,50.0,1506.0799560546875,49.83000183105469,1791.27001953125,33.79999923706055,1870.77001953125,30.280000686645508,1982.8900146484375,50.0,2645.81005859375
49.447059631347656,5.0,50.0,1159.0400390625,50.0,1596.780029296875,46.709999084472656,1828.8699951171875,40.43000030517578,1962.97998046875,40.33000183105469,2521.239990234375,50.0,1575.530029296875,26.540000915527344,1851.6300048828125,46.689998626708984,1929.93994140625,44.91999816894531,2039.4599609375,19.399999618530273,2688.77001953125
51.458824157714844,4.75,50.0,1228.489990234375,50.0,1666.22998046875,0.0,1863.6600341796875,43.869998931884766,2021.3499755859375,49.25,2586.8701171875,50.0,1644.97998046875,35.119998931884766,1890.6099853515625,0.0,1950.280029296875,50.0,2108.169921875,31.059999465942383,2725.820068359375
51.96590805053711,5.125,50.0,1297.93994140625,43.58000183105469,1733.8900146484375,4.320000171661377,1871.3699951171875,49.97999954223633,2088.43994140625,50.0,2656.080078125,50.0,1714.4300537109375,44.720001220703125,1950.25,6.889999866485596,1954.9300537109375,50.0,2177.6201171875,43.709999084472656,2778.699951171875
46.46067428588867,4.875,50.0,1367.3900146484375,34.2400016784668,1774.0400390625,16.639999389648438,1888.93994140625,50.0,2157.889892578125,41.36000061035156,2723.1298828125,50.0,1783.3399658203125,0.0,1970.280029296875,20.639999389648438,1976.1199951171875,50.0,2247.070068359375,0.0,2813.969970703125
29.837209701538086,3.5,50.0,1436.8399658203125,50.0,1835.239990234375,33.40999984741211,1923.949951171875,50.0,2227.340087890625,8.640000343322754,2737.7099609375,50.0,1852.7900390625,9.3100004196167,1978.9000244140625,41.47999954223633,2022.5699462890625,50.0,2316.510009765625,12.260000228881836,2823.64990234375
29.872093200683594,3.625,50.0,1506.2900390625,10.359999656677246,1883.6600341796875,46.22999954223633,1982.010009765625,50.0,2296.7900390625,16.559999465942383,2757.43994140625,29.1200008392334,1892.300048828125,29.299999237060547,2009.3900146484375,48.220001220703125,2085.659912109375,50.0,2385.9599609375,15.0600004196167,2843.6298828125
31.534883499145508,3.625,50.0,1575.739990234375,4.71999979019165,1888.72998046875,50.0,2050.77001953125,50.0,2366.22998046875,15.489999771118164,2778.14990234375,45.279998779296875,1948.0799560546875,46.2599983215332,2065.409912109375,50.0,2155.110107421875,50.0,2455.409912109375,31.75,2880.669921875
32.21348190307617,4.0,50.0,1645.18994140625,22.040000915527344,1907.3399658203125,50.0,2120.219970703125,50.0,2435.679931640625,22.829999923706055,2806.550048828125,4.559999942779541,1990.280029296875,49.47999954223633,2132.909912109375,50.0,2224.56005859375,50.0,2524.860107421875,48.09000015258789,2940.340087890625
33.58427047729492,3.75,50.0,1714.6400146484375,35.29999923706055,1950.1700439453125,50.0,2189.669921875,25.559999465942383,2484.7099609375,43.650001525878906,2855.830078125,15.600000381469727,2001.3499755859375,49.959999084472656,2202.159912109375,50.0,2294.0,50.0,2594.31005859375,50.0,3009.4599609375
34.53845977783203,3.875,25.600000381469727,1769.1099853515625,47.779998779296875,2010.9100341796875,50.0,2259.1201171875,34.61000061035156,2526.679931640625,49.13999938964844,2920.330078125,33.220001220703125,2039.9100341796875,50.0,2271.60009765625,50.0,2363.449951171875,50.0,2663.75,50.0,3078.909912109375
36.29670333862305,4.0,30.100000381469727,1808.3900146484375,50.0,2079.340087890625,50.0,2328.570068359375,47.220001220703125,2586.300048828125,50.0,2989.6201171875,41.720001220703125,2092.1298828125,50.0,2341.050048828125,50.0,2432.889892578125,19.399999618530273,2708.77001953125,50.0,3148.35009765625
36.914894104003906,4.25,36.349998474121094,1854.6700439453125,50.0,2148.780029296875,50.0,2398.02001953125,50.0,2654.7900390625,50.0,3059.070068359375,50.0,2158.199951171875,50.0,2410.489990234375,50.0,2502.340087890625,34.349998474121094,2746.85009765625,50.0,3217.800048828125
37.29591751098633,4.75,19.549999237060547,1902.22998046875,50.0,2218.22998046875,50.0,2467.4599609375,50.0,2724.239990234375,50.0,3128.510009765625,50.0,2227.64990234375,50.0,2479.93994140625,50.0,2571.7900390625,47.4900016784668,2805.580078125,50.0,3287.25
38.61224365234375,4.625,2.880000114440918,1905.9300537109375,50.0,2287.679931640625,26.5,2512.070068359375,0.0,2754.110107421875,50.0,3197.9599609375,50.0,2297.090087890625,50.0,2549.389892578125,50.0,2641.22998046875,0.0,2833.969970703125,50.0,3356.68994140625
39.689998626708984,4.625,7.590000152587891,1911.5799560546875,50.0,2357.1298828125,37.029998779296875,2558.659912109375,0.0,2754.110107421875,50.0,3267.409912109375,50.0,2366.530029296875,50.0,2618.840087890625,44.04999923706055,2709.030029296875,9.15999984741211,2841.570068359375,50.0,3426.139892578125
41.158416748046875,4.75,21.299999237060547,1933.1199951171875,50.0,2426.570068359375,44.7599983215332,2616.1201171875,5.579999923706055,2756.52001953125,50.0,3336.85009765625,50.0,2435.97998046875,50.0,2688.280029296875,28.040000915527344,2743.14990234375,21.0,2864.449951171875,50.0,3495.590087890625
42.25242614746094,5.0,29.020000457763672,1969.4300537109375,50.0,2496.02001953125,50.0,2683.610107421875,10.869999885559082,2767.449951171875,50.0,3406.300048828125,50.0,2505.429931640625,19.399999618530273,2743.3798828125,43.349998474121094,2796.860107421875,35.65999984741211,2905.010009765625,50.0,3565.0400390625
42.25925827026367,5.625,39.650001525878906,2016.31005859375,26.420000076293945,2535.760009765625,50.0,2753.06005859375,23.3700008392334,2796.5400390625,50.0,3475.75,50.0,2574.8701171875,33.34000015258789,2780.679931640625,21.309999465942383,2852.050048828125,43.58000183105469,2958.3798828125,50.0,3634.489990234375
45.56190490722656,5.75,50.0,2080.1298828125,43.939998626708984,2587.300048828125,0.0,2774.110107421875,33.83000183105469,2835.610107421875,24.969999313354492,3514.02001953125,50.0,2644.320068359375,43.20000076293945,2833.169921875,9.170000076293945,2860.1201171875,48.380001068115234,3024.52001953125,27.520000457763672,3678.60009765625
46.90654373168945,6.0,50.0,2149.580078125,50.0,2655.280029296875,0.0,2774.110107421875,43.209999084472656,2891.739990234375,41.33000183105469,3561.929931640625,50.0,2713.77001953125,7.050000190734863,2873.969970703125,25.510000228881836,2888.75,50.0,3093.6298828125,43.54999923706055,3731.219970703125
49.1682243347168,6.125,50.0,2219.030029296875,50.0,2724.72998046875,0.0,2774.110107421875,49.0,2956.81005859375,47.939998626708984,35.04999923706055,19.399999618530273,2763.3798828125,17.280000686645508,2885.969970703125,39.22999954223633,2935.989990234375,50.0,3163.080078125,19.6200008392334,3785.18994140625
30.925233840942383,5.125,50.0,2288.47998046875,24.329999923706055,2783.050048828125,8.640000343322754,2777.7099609375,50.0,3026.010009765625,4.320000171661377,53.36000061035156,33.09000015258789,2801.330078125,28.940000534057617,2917.6298828125,50.0,3000.659912109375,50.0,3232.52001953125,4.320000171661377,3787.840087890625
28.1299991607666,4.75,50.0,2357.919921875,4.320000171661377,2795.31005859375,25.56999969482422,2802.050048828125,50.0,3095.4599609375,19.860000610351562,74.58999633789062,44.97999954223633,2858.110107421875,44.83000183105469,2972.419921875,50.0,3070.110107421875,50.0,3301.969970703125,14.890000343322754,3805.5400390625
29.950000762939453,4.625,50.0,2427.3701171875,9.729999542236328,2804.6201171875,42.459999084472656,2849.820068359375,50.0,3164.909912109375,27.3700008392334,106.95999908447266,0.0,2893.969970703125,50.0,3041.199951171875,50.0,3139.550048828125,50.0,3371.419921875,36.4900016784668,3844.219970703125
31.514850616455078,4.75,50.0,2496.820068359375,27.049999237060547,2830.659912109375,48.970001220703125,2914.239990234375,50.0,3234.35009765625,36.11000061035156,150.99000549316406,17.520000457763672,2907.429931640625,50.0,3110.639892578125,50.0,3209.0,50.0,3440.8701171875,46.88999938964844,3905.64990234375
33.088233947753906,4.875,25.559999465942383,2544.7099609375,42.720001220703125,2882.860107421875,50.0,2983.429931640625,50.0,3303.800048828125,48.060001373291016,210.61000061035156,32.86000061035156,2943.97998046875,50.0,3180.090087890625,50.0,3278.449951171875,50.0,3510.31005859375,49.29999923706055,3973.0
35.0,4.875,35.459999084472656,2587.159912109375,50.0,2948.080078125,50.0,3052.8798828125,50.0,3373.25,49.72999954223633,279.20001220703125,47.18000030517578,3003.10009765625,50.0,3249.5400390625,50.0,3347.89990234375,50.0,3579.760009765625,49.900001525878906,4041.949951171875
36.55339813232422,4.875,42.599998474121094,2641.409912109375,50.0,3017.52001953125,50.0,3122.330078125,50.0,3442.699951171875,50.0,348.6499938964844,48.209999084472656,3069.679931640625,50.0,3318.989990234375,50.0,3417.35009765625,50.0,3649.10009765625,49.9900016784668,4111.35986328125
38.125,5.0,46.90999984741211,2704.739990234375,50.0,3086.969970703125,50.0,3191.77001953125,42.7599983215332,3510.139892578125,50.0,418.1000061035156,49.84000015258789,3138.330078125,50.0,3388.43994140625,50.0,3486.800048828125,22.440000534057617,3691.43994140625,50.0,4180.81005859375
39.41509246826172,5.375,48.349998474121094,2771.610107421875,50.0,3156.419921875,50.0,3261.219970703125,32.900001525878906,3550.969970703125,50.0,487.54998779296875,50.0,3207.72998046875,50.0,3457.8798828125,50.0,3556.25,38.540000915527344,3735.280029296875,50.0,4250.25
41.05607604980469,5.375,4.380000114440918,2814.110107421875,50.0,3225.8701171875,50.0,3330.669921875,42.599998474121094,13.729999542236328,50.0,557.0,50.0,3277.169921875,50.0,3527.330078125,50.0,3625.68994140625,43.619998931884766,3794.2900390625,50.0,4319.7001953125
35.52830123901367,4.875,8.920000076293945,2820.31005859375,50.0,3295.320068359375,50.0,3400.1201171875,23.260000228881836,69.69999694824219,35.9900016784668,622.5499877929688,50.0,3346.6201171875,50.0,3596.77001953125,38.5,3691.949951171875,4.320000171661377,3807.840087890625,50.0,4389.14990234375
36.59434127807617,4.75,27.280000686645508,2848.0,50.0,3364.77001953125,50.0,3469.570068359375,9.170000076293945,78.30999755859375,19.350000381469727,645.8599853515625,50.0,3416.06005859375,50.0,3666.219970703125,31.84000015258789,3727.639892578125,21.030000686645508,3830.300048828125,50.0,4458.60009765625
38.05607604980469,4.875,42.599998474121094,2900.639892578125,50.0,3434.2099609375,34.790000915527344,3534.56005859375,19.309999465942383,97.87999725341797,33.0,685.3499755859375,50.0,3485.510009765625,21.850000381469727,3724.030029296875,45.84000015258789,3782.760009765625,32.790000915527344,3868.489990234375,50.0,4528.0498046875
39.53703689575195,5.0,50.0,2966.330078125,50.0,3503.659912109375,31.31999969482422,3571.360107421875,29.899999618530273,132.25999450683594,41.84000015258789,737.8200073242188,50.0,3554.9599609375,37.529998779296875,3768.659912109375,6.710000038146973,3826.639892578125,42.2599983215332,3920.64990234375,24.850000381469727,4577.9501953125
42.1698112487793,5.0,50.0,3035.780029296875,20.209999084472656,3560.280029296875,42.290000915527344,35.56999969482422,33.54999923706055,176.24000549316406,48.81999969482422,803.469970703125,50.0,3624.39990234375,41.65999984741211,3825.989990234375,12.960000038146973,3833.840087890625,50.0,3986.800048828125,40.119998931884766,4623.89990234375
44.47618865966797,5.0,50.0,3105.22998046875,28.889999389648438,6.869999885559082,26.889999389648438,88.69000244140625,46.560001373291016,234.77999877929688,49.880001068115234,872.469970703125,50.0,3693.85009765625,0.0,3846.639892578125,31.149999618530273,3867.590087890625,50.0,4056.25,44.459999084472656,4686.740234375
40.5514030456543,4.875,50.0,3174.669921875,41.790000915527344,61.36000061035156,12.960000038146973,99.36000061035156,50.0,304.0199890136719,0.0,909.4400024414062,21.850000381469727,3744.7099609375,14.260000228881836,3855.9599609375,44.91999816894531,3921.2099609375,50.0,4125.68994140625,0.0,2.7899999618530273
41.09803771972656,4.5,50.0,3244.1201171875,3.0399999618530273,86.5,21.600000381469727,129.7100067138672,50.0,373.4700012207031,17.31999969482422,923.8400268554688,42.38999938964844,3792.77001953125,35.86000061035156,3893.77001953125,50.0,3988.06005859375,50.0,4195.14013671875,12.960000038146973,9.989999771118164
32.630001068115234,4.625,50.0,3313.570068359375,5.78000020980835,95.1500015258789,23.149999618530273,160.33999633789062,50.0,442.9200134277344,25.6200008392334,956.719970703125,41.2400016784668,3855.72998046875,45.7400016784668,3952.31005859375,50.0,4057.510009765625,50.0,4264.58984375,4.320000171661377,13.489999771118164
25.808080673217773,4.25,50.0,3383.02001953125,8.079999923706055,102.66000366210938,37.209999084472656,202.2899932861328,50.0,512.3699951171875,40.060001373291016,1002.489990234375,0.0,3866.639892578125,50.0,4019.659912109375,50.0,4126.9599609375,50.0,4334.0400390625,18.149999618530273,31.0
24.899999618530273,4.25,50.0,3452.469970703125,6.820000171661377,105.68000030517578,50.0,266.19000244140625,50.0,581.8200073242188,50.0,1068.1500244140625,18.079999923706055,3882.679931640625,50.0,4089.110107421875,50.0,4196.41015625,50.0,4403.490234375,37.61000061035156,73.61000061035156
26.366336822509766,4.375,50.0,3521.919921875,0.8999999761581421,112.13999938964844,50.0,335.6400146484375,31.559999465942383,645.02001953125,50.0,1137.5999755859375,28.649999618530273,3919.469970703125,50.0,4158.56005859375,50.0,4265.85986328125,50.0,4472.93994140625,49.2599983215332,134.94000244140625
28.108911514282227,4.5,21.959999084472656,3579.7900390625,0.029999999329447746,112.16999816894531,50.0,405.0899963378906,32.54999923706055,679.9299926757812,50.0,1207.050048828125,38.849998474121094,3968.169921875,50.0,4228.009765625,50.0,4335.31005859375,50.0,4542.39013671875,50.0,204.3000030517578
29.63725471496582,4.625,27.420000076293945,23.479999542236328,15.6899995803833,125.2300033569336,50.0,474.5400085449219,43.790000915527344,734.5399780273438,50.0,1276.489990234375,48.2400016784668,4032.10009765625,50.0,4297.4599609375,50.0,4404.75,12.699999809265137,4592.75,50.0,273.75
31.145631790161133,4.625,37.779998779296875,71.73999786376953,36.970001220703125,164.5800018310547,50.0,543.97998046875,50.0,802.0399780273438,50.0,1345.93994140625,50.0,4100.68017578125,50.0,4366.89990234375,50.0,4474.18994140625,0.0,4592.75,50.0,343.19000244140625
32.71154022216797,4.875,30.110000610351562,116.44999694824219,46.83000183105469,226.0,50.0,613.4299926757812,50.0,871.489990234375,50.0,1415.3900146484375,50.0,4170.1298828125,50.0,4436.35009765625,50.0,4543.6298828125,0.0,4592.75,50.0,412.6400146484375
34.83495330810547,4.75,4.320000171661377,133.36000061035156,50.0,295.2300109863281,19.200000762939453,669.2100219726562,19.959999084472656,927.9000244140625,50.0,1484.8399658203125,50.0,4239.580078125,50.0,4505.7998046875,14.699999809265137,4595.66015625,0.0,4592.75,50.0,482.0899963378906
36.24271774291992,4.75,9.989999771118164,146.36000061035156,50.0,364.67999267578125,28.81999969482422,703.1599731445312,11.220000267028809,936.1599731445312,50.0,1554.2900390625,50.0,4309.02978515625,50.0,4575.25,0.0,4595.75,0.0,4592.75,50.0,551.5399780273438
37.730770111083984,4.875,20.579999923706055,169.74000549316406,50.0,434.1300048828125,32.25,747.0999755859375,12.800000190734863,953.02001953125,50.0,1623.72998046875,50.0,4378.47021484375,0.0,4606.25,0.0,4595.75,0.0,4592.75,19.850000381469727,595.8800048828125
38.877357482910156,5.0,37.54999923706055,211.66000366210938,50.0,503.57000732421875,43.709999084472656,801.760009765625,16.829999923706055,975.9600219726562,40.0,1690.4000244140625,50.0,4447.919921875,0.0,4606.25,0.0,4595.75,0.0,4592.75,37.33000183105469,638.02001953125
39.08108139038086,5.75,49.459999084472656,274.17999267578125,50.0,573.02001953125,49.34000015258789,867.8300170898438,33.220001220703125,1010.530029296875,33.7400016784668,1729.27001953125,50.0,4517.3701171875,0.0,4606.25,0.0,4595.75,8.640000343322754,4596.35009765625,47.150001525878906,700.5999755859375
37.29999923706055,5.75,50.0,343.6300048828125,50.0,642.469970703125,45.04999923706055,935.9000244140625,44.880001068115234,1068.52001953125,46.52000045776367,1788.300048828125,47.540000915527344,4586.1298828125,0.0,4606.25,4.320000171661377,4596.9501953125,18.489999771118164,4620.06005859375,4.320000171661377,724.0399780273438
32.08571243286133,5.125,50.0,413.0799865722656,28.68000030517578,695.75,4.320000171661377,950.6400146484375,50.0,1137.0400390625,12.640000343322754,1837.719970703125,0.0,4601.740234375,0.0,4606.25,4.889999866485596,4603.39013671875,26.829999923706055,4654.52001953125,14.829999923706055,739.6900024414062
32.01020431518555,4.5,50.0,482.5299987792969,40.470001220703125,742.1699829101562,9.930000305175781,963.8400268554688,50.0,1206.489990234375,17.280000686645508,1849.719970703125,5.940000057220459,4604.240234375,16.139999389648438,4622.72998046875,10.199999809265137,4615.5498046875,34.689998626708984,4696.58984375,30.049999237060547,771.22998046875
28.659793853759766,4.125,50.0,551.97998046875,50.0,808.27001953125,12.850000381469727,978.780029296875,50.0,1275.9300537109375,28.1299991607666,1880.0400390625,12.850000381469727,4622.5400390625,21.1200008392334,4643.4599609375,26.18000030517578,4645.4599609375,0.0,32.290000915527344,45.060001373291016,824.1900024414062
23.92783546447754,3.5,50.0,621.4299926757812,50.0,877.719970703125,17.979999542236328,1003.4099731445312,50.0,1345.3800048828125,41.220001220703125,1926.6500244140625,17.420000076293945,4642.97021484375,29.399999618530273,4677.60986328125,32.43000030517578,4687.52001953125,19.229999542236328,49.34000015258789,50.0,893.0599975585938
24.898990631103516,3.75,41.83000183105469,687.8699951171875,50.0,947.1599731445312,29.010000228881836,1040.52001953125,50.0,1414.8299560546875,49.349998474121094,1990.3299560546875,28.31999969482422,4672.56005859375,43.0,33.33000183105469,35.689998626708984,44.459999084472656,38.7599983215332,93.47000122070312,50.0,962.510009765625
26.683673858642578,3.75,25.079999923706055,722.7100219726562,4.320000171661377,970.6400146484375,37.630001068115234,1085.6300048828125,50.0,1484.280029296875,50.0,2059.610107421875,43.290000915527344,26.15999984741211,0.0,62.790000915527344,8.640000343322754,55.88999938964844,48.880001068115234,156.9600067138672,50.0,1031.9599609375
28.214284896850586,3.75,36.95000076293945,768.3300170898438,3.140000104904175,974.7899780273438,44.77000045776367,1143.510009765625,50.0,1553.719970703125,50.0,2129.06005859375,0.05999999865889549,58.279998779296875,8.640000343322754,66.38999938964844,29.979999542236328,85.75,50.0,226.41000366210938,50.0,1101.4100341796875
29.190000534057617,4.0,49.47999954223633,829.75,5.570000171661377,981.5800170898438,50.0,1212.0699462890625,50.0,1623.1700439453125,50.0,2198.510009765625,11.229999542236328,64.75,8.640000343322754,75.88999938964844,36.16999816894531,131.49000549316406,50.0,295.8599853515625,50.0,1170.8499755859375
30.84000015258789,4.125,50.0,899.2000122070312,10.770000457763672,992.5499877929688,49.9900016784668,1281.5,50.0,1692.6199951171875,50.0,2267.9599609375,14.479999542236328,77.12000274658203,22.399999618530273,102.55000305175781,48.65999984741211,192.55999755859375,50.0,365.30999755859375,50.0,1240.300048828125
32.178218841552734,4.25,50.0,968.6500244140625,21.15999984741211,1016.3499755859375,50.0,1350.93994140625,29.920000076293945,1738.5899658203125,50.0,2337.409912109375,0.0,92.29000091552734,24.459999084472656,136.0500030517578,50.0,261.67999267578125,50.0,434.760009765625,50.0,1309.75
33.36274337768555,4.125,4.320000171661377,990.6400146484375,35.84000015258789,1056.5400390625,50.0,1420.3900146484375,43.630001068115234,1793.22998046875,50.0,2406.860107421875,8.579999923706055,99.72000122070312,38.380001068115234,183.17999267578125,50.0,331.1199951171875,50.0,504.2099914550781,50.0,1379.199951171875
34.98039245605469,4.125,13.609999656677246,1005.4000244140625,50.0,1119.800048828125,50.0,1489.8399658203125,30.84000015258789,1852.5899658203125,25.559999465942383,2466.719970703125,18.290000915527344,118.66999816894531,46.439998626708984,242.82000732421875,50.0,400.57000732421875,50.0,573.6599731445312,50.0,1448.6500244140625
36.16504669189453,4.375,27.030000686645508,1032.0999755859375,50.0,1189.25,50.0,1559.2900390625,0.0,1857.719970703125,36.33000183105469,2508.199951171875,20.479999542236328,143.47000122070312,48.939998626708984,310.1600036621094,50.0,470.0199890136719,24.260000228881836,620.4500122070312,50.0,1518.0899658203125
37.20000076293945,4.625,37.59000015258789,1079.25,50.0,1258.699951171875,50.0,1628.739990234375,0.0,1857.719970703125,47.900001525878906,2570.110107421875,35.369998931884766,186.9199981689453,50.0,379.3399963378906,50.0,539.469970703125,39.189998626708984,666.1400146484375,50.0,1587.5400390625
38.622642517089844,4.75,43.66999816894531,1138.530029296875,50.0,1328.1500244140625,50.0,1698.18994140625,15.0600004196167,1868.219970703125,49.790000915527344,2638.6201171875,45.31999969482422,244.24000549316406,50.0,448.7900085449219,50.0,608.9099731445312,46.290000915527344,728.260009765625,50.0,1656.989990234375
31.39252281188965,4.25,48.400001525878906,1204.1199951171875,50.0,1397.5899658203125,25.600000381469727,1750.280029296875,25.510000228881836,1898.43994140625,50.0,2707.97998046875,49.150001525878906,311.17999267578125,50.0,518.239990234375,25.760000228881836,648.0599975585938,4.320000171661377,744.0399780273438,50.0,1726.43994140625
30.240385055541992,3.625,50.0,1273.5699462890625,50.0,1467.0400390625,26.979999542236328,1786.5999755859375,41.52000045776367,1948.3499755859375,2.069999933242798,2748.169921875,50.0,380.5,50.0,587.6799926757812,42.97999954223633,697.489990234375,17.450000762939453,760.5700073242188,20.479999542236328,1781.510009765625
30.329896926879883,3.125,50.0,1343.010009765625,50.0,1536.489990234375,37.4900016784668,1832.300048828125,48.52000045776367,2012.81005859375,0.0,2748.169921875,50.0,449.95001220703125,25.59000015258789,647.5700073242188,30.649999618530273,757.8099975585938,31.170000076293945,792.97998046875,30.670000076293945,1817.9200439453125
31.060606002807617,3.5,50.0,1412.4599609375,50.0,1605.93994140625,15.210000038146973,1877.5,50.0,2082.02001953125,11.319999694824219,2754.31005859375,49.959999084472656,519.3800048828125,37.220001220703125,688.469970703125,8.640000343322754,766.4400024414062,38.38999938964844,843.510009765625,40.45000076293945,1872.0699462890625
26.612245559692383,3.5,50.0,1481.9100341796875,50.0,1675.3800048828125,8.90999984741211,1882.6700439453125,50.0,2151.469970703125,7.389999866485596,2766.330078125,50.0,588.8099975585938,47.5,748.969970703125,23.1299991607666,790.260009765625,49.369998931884766,905.6199951171875,0.0,1894.469970703125
19.914894104003906,2.875,50.0,1551.3599853515625,50.0,1744.8299560546875,23.239999771118164,1908.06005859375,50.0,2220.919921875,27.170000076293945,2792.080078125,45.279998779296875,656.9400024414062,0.0,782.8400268554688,38.779998779296875,834.2000122070312,50.0,975.0700073242188,0.0,1894.469970703125
18.065217971801758,2.375,42.13999938964844,1613.050048828125,34.2400016784668,1787.97998046875,37.779998779296875,1953.7099609375,50.0,2290.360107421875,36.65999984741211,2836.89990234375,28.260000228881836,690.469970703125,18.31999969482422,799.9299926757812,47.380001068115234,896.5599975585938,50.0,1044.52001953125,21.579999923706055,1912.449951171875
18.808509826660156,2.75,40.25,1668.800048828125,49.22999954223633,1850.0799560546875,39.31999969482422,2008.02001953125,50.0,2359.81005859375,46.13999938964844,2896.610107421875,34.970001220703125,738.0499877929688,22.639999389648438,833.469970703125,49.83000183105469,965.1199951171875,50.0,1113.969970703125,27.020000457763672,1949.449951171875
19.5625,2.75,41.18000030517578,1724.3900146484375,9.5600004196167,1897.719970703125,46.060001373291016,2068.6298828125,50.0,2429.260009765625,49.5099983215332,2964.110107421875,35.349998474121094,795.2000122070312,34.790000915527344,872.3800048828125,50.0,1034.47998046875,50.0,1183.4100341796875,38.810001373291016,1994.1800537109375
21.19354820251465,2.875,19.899999618530273,1772.5799560546875,12.579999923706055,1907.800048828125,50.0,2136.75,25.559999465942383,2489.1298828125,50.0,3033.56005859375,4.590000152587891,805.3099975585938,44.22999954223633,928.510009765625,50.0,1103.9300537109375,50.0,1252.8599853515625,47.380001068115234,2054.860107421875
22.021053314208984,3.125,28.969999313354492,1805.1099853515625,23.219999313354492,1931.18994140625,50.0,2206.18994140625,34.65999984741211,2532.030029296875,50.0,3103.010009765625,4.849999904632568,813.719970703125,50.0,995.3200073242188,50.0,1173.3800048828125,50.0,1322.31005859375,50.0,2123.419921875
23.10416603088379,3.25,37.36000061035156,1851.0999755859375,37.5099983215332,1978.1099853515625,50.0,2275.639892578125,41.43000030517578,2583.929931640625,50.0,3172.4599609375,17.18000030517578,829.239990234375,50.0,1064.77001953125,50.0,1242.8199462890625,50.0,1391.760009765625,50.0,2192.860107421875
23.979591369628906,3.5,36.93000030517578,1909.2099609375,47.7599983215332,2039.0999755859375,50.0,2345.090087890625,48.95000076293945,2649.43994140625,50.0,3241.89990234375,17.040000915527344,851.97998046875,50.0,1134.219970703125,50.0,1312.27001953125,50.0,1461.2099609375,50.0,2262.31005859375
25.40816307067871,3.5,4.570000171661377,1920.18994140625,50.0,2108.139892578125,50.0,2414.5400390625,50.0,2718.68994140625,50.0,3311.35009765625,33.060001373291016,889.8699951171875,50.0,1203.6600341796875,50.0,1381.719970703125,50.0,1530.6600341796875,50.0,2331.760009765625
26.626262664794922,3.75,14.109999656677246,1931.1199951171875,50.0,2177.590087890625,50.0,2483.989990234375,11.640000343322754,2768.169921875,50.0,3380.800048828125,43.63999938964844,944.3400268554688,50.0,1273.1099853515625,50.0,1451.1600341796875,50.0,1600.0999755859375,49.9900016784668,2401.169921875
27.3799991607666,3.625,21.559999465942383,1958.469970703125,50.0,2247.030029296875,29.8799991607666,2527.070068359375,4.25,2771.610107421875,50.0,3450.239990234375,49.279998779296875,1011.0999755859375,50.0,1342.56005859375,50.0,1520.6099853515625,50.0,1669.550048828125,50.0,2470.6201171875
28.8799991607666,3.75,41.84000015258789,2005.5999755859375,50.0,2316.47998046875,46.290000915527344,2583.840087890625,4.710000038146973,2777.780029296875,28.829999923706055,3511.929931640625,49.939998626708984,1080.25,50.0,1412.010009765625,50.0,1590.06005859375,50.0,1739.0,50.0,2540.06005859375
30.079208374023438,3.75,49.779998779296875,2072.419921875,50.0,2385.929931640625,50.0,2652.43994140625,19.030000686645508,2794.64990234375,33.91999816894531,3553.389892578125,50.0,1149.6700439453125,50.0,1481.449951171875,50.0,1659.5,21.290000915527344,1795.8199462890625,50.0,2609.510009765625
31.613861083984375,3.875,50.0,2141.8701171875,50.0,2455.3798828125,50.0,2721.889892578125,33.0099983215332,2833.830078125,47.70000076293945,22.899999618530273,50.0,1219.1199951171875,50.0,1550.8900146484375,50.0,1728.949951171875,28.09000015258789,1828.5999755859375,19.399999618530273,2665.4599609375
33.14851379394531,3.875,50.0,2211.31005859375,39.959999084472656,2522.0400390625,29.350000381469727,2783.860107421875,43.65999984741211,2889.820068359375,5.070000171661377,66.22000122070312,49.9900016784668,1288.550048828125,50.0,1620.3399658203125,50.0,1798.4000244140625,40.130001068115234,1874.8299560546875,21.489999771118164,2694.47998046875
34.05208206176758,3.75,50.0,2280.760009765625,30.06999969482422,2560.070068359375,8.640000343322754,2791.77001953125,50.0,2957.389892578125,4.590000152587891,68.69000244140625,50.0,1358.0,50.0,1689.7900390625,24.989999771118164,1834.18994140625,5.239999771118164,1914.469970703125,26.010000228881836,2728.27001953125
36.42696762084961,3.25,50.0,2350.2099609375,42.43000030517578,2613.43994140625,18.510000228881836,2808.699951171875,50.0,3026.830078125,26.190000534057617,93.05999755859375,50.0,1427.43994140625,50.0,1759.22998046875,32.0,1874.0799560546875,7.900000095367432,1921.6400146484375,39.709999084472656,2776.489990234375
33.378047943115234,3.125,50.0,2419.659912109375,50.0,2679.06005859375,24.75,2840.0400390625,50.0,3096.280029296875,44.439998626708984,145.88999938964844,50.0,1496.8900146484375,45.04999923706055,1827.31005859375,23.729999542236328,1922.3800048828125,17.8700008392334,1942.050048828125,0.0,2798.159912109375
23.537500381469727,2.75,50.0,2489.110107421875,50.0,2748.510009765625,35.79999923706055,2880.510009765625,50.0,3165.72998046875,50.0,213.72000122070312,50.0,1566.3399658203125,24.81999969482422,1862.18994140625,0.0,1934.469970703125,28.670000076293945,1975.97998046875,20.40999984741211,2815.830078125
23.809524536132812,3.0,25.559999465942383,2548.97998046875,22.639999389648438,2805.8798828125,49.959999084472656,2943.090087890625,50.0,3235.179931640625,50.0,283.1700134277344,50.0,1635.780029296875,31.850000381469727,1900.3599853515625,21.579999923706055,1952.4599609375,39.13999938964844,2024.199951171875,39.209999084472656,2859.06005859375
24.367816925048828,3.25,28.510000228881836,2587.14990234375,0.0,2808.169921875,50.0,3012.5400390625,50.0,3304.6298828125,50.0,352.6199951171875,50.0,1705.22998046875,30.700000762939453,1949.4100341796875,37.47999954223633,1996.6800537109375,44.77000045776367,2083.4599609375,50.0,2921.050048828125
26.069766998291016,3.125,31.280000686645508,2628.89990234375,4.320000171661377,2809.3701171875,50.0,3081.97998046875,50.0,3374.070068359375,49.970001220703125,422.0400085449219,50.0,1774.6800537109375,8.640000343322754,1958.0699462890625,48.83000183105469,2060.409912109375,49.52000045776367,2150.989990234375,50.0,2990.489990234375
26.909090042114258,3.25,40.97999954223633,2679.669921875,9.640000343322754,2822.280029296875,50.0,3151.429931640625,50.0,3443.52001953125,50.0,491.489990234375,49.279998779296875,1843.9300537109375,21.309999465942383,1977.1300048828125,50.0,2129.31005859375,50.0,2220.360107421875,50.0,3059.93994140625
28.386363983154297,3.25,47.95000076293945,2744.179931640625,25.280000686645508,2848.070068359375,50.0,3220.8798828125,50.0,3512.969970703125,50.0,560.9400024414062,29.489999771118164,1880.280029296875,39.810001373291016,2021.47998046875,50.0,2198.75,50.0,2289.81005859375,50.0,3129.389892578125
29.561798095703125,3.375,47.86000061035156,2812.2900390625,30.889999389648438,2889.919921875,50.0,3290.330078125,28.579999923706055,3556.110107421875,46.900001525878906,629.530029296875,42.2599983215332,1932.6500244140625,50.0,2086.590087890625,50.0,2268.199951171875,50.0,2359.25,50.0,3198.830078125
31.12359619140625,3.5,0.0,2828.169921875,46.88999938964844,2948.35009765625,50.0,3359.77001953125,43.619998931884766,17.850000381469727,20.010000228881836,659.8699951171875,6.300000190734863,1974.469970703125,50.0,2156.0400390625,50.0,2337.64990234375,50.0,2428.699951171875,50.0,3268.280029296875
32.266666412353516,3.5,13.319999694824219,2838.139892578125,49.83000183105469,3016.739990234375,50.0,3429.219970703125,33.58000183105469,79.56999969482422,31.719999313354492,700.7000122070312,8.640000343322754,1978.0699462890625,50.0,2225.489990234375,50.0,2407.090087890625,50.0,2498.14990234375,50.0,3337.72998046875
33.38888931274414,3.5,15.819999694824219,2858.580078125,50.0,3086.169921875,50.0,3498.669921875,8.640000343322754,89.81999969482422,36.93000030517578,747.1400146484375,17.010000228881836,2000.1199951171875,50.0,2294.929931640625,50.0,2476.5400390625,50.0,2567.60009765625,50.0,3407.179931640625
33.60638427734375,4.0,30.5,2891.52001953125,50.0,3155.610107421875,19.350000381469727,3554.570068359375,26.399999618530273,114.55000305175781,48.810001373291016,810.6699829101562,29.31999969482422,2034.6199951171875,50.0,2364.3798828125,50.0,2545.989990234375,50.0,2637.0400390625,50.0,3476.6201171875
34.64583206176758,4.25,41.18000030517578,2943.93994140625,50.0,3225.06005859375,28.440000534057617,3590.18994140625,35.09000015258789,153.0800018310547,50.0,879.780029296875,38.45000076293945,2083.989990234375,50.0,2433.830078125,50.0,2615.43994140625,19.399999618530273,2687.570068359375,49.349998474121094,3545.889892578125
35.75510025024414,4.625,48.209999084472656,3006.010009765625,50.0,3294.510009765625,42.11000061035156,49.709999084472656,46.970001220703125,211.8000030517578,5.25,923.5,48.4900016784668,2148.080078125,50.0,2503.280029296875,50.0,2684.889892578125,19.399999618530273,2714.47998046875,35.2400016784668,3600.169921875
33.38144302368164,4.0,50.0,3074.860107421875,50.0,3363.949951171875,20.809999465942383,104.44000244140625,50.0,279.8999938964844,9.579999923706055,932.1500244140625,50.0,2217.179931640625,50.0,2572.719970703125,23.719999313354492,2719.469970703125,28.709999084472656,2746.580078125,23.84000015258789,3629.800048828125
34.65306091308594,4.25,50.0,3144.300048828125,50.0,3433.39990234375,4.809999942779541,110.22000122070312,50.0,349.3500061035156,23.760000228881836,954.1699829101562,50.0,2286.6298828125,50.0,2642.169921875,40.220001220703125,2765.659912109375,45.400001525878906,2800.580078125,26.0,3660.6298828125
30.285715103149414,3.625,50.0,3213.75,50.0,3502.85009765625,3.200000047683716,116.58000183105469,50.0,418.79998779296875,37.869998931884766,1000.4500122070312,50.0,2356.070068359375,46.15999984741211,2710.56005859375,30.209999084472656,2823.8701171875,4.320000171661377,2819.360107421875,37.20000076293945,3705.550048828125
32.13541793823242,3.625,50.0,3283.199951171875,35.4900016784668,3568.22998046875,6.769999980926514,122.87000274658203,50.0,488.25,48.77000045776367,1062.5400390625,50.0,2425.52001953125,20.25,2741.889892578125,0.0,2828.659912109375,9.970000267028809,2829.97998046875,33.810001373291016,3764.050048828125
25.510639190673828,3.5,50.0,3352.64990234375,24.110000610351562,8.510000228881836,5.28000020980835,129.77999877929688,50.0,557.7000122070312,50.0,1131.989990234375,50.0,2494.969970703125,29.850000381469727,2778.97998046875,0.0,2838.159912109375,16.040000915527344,2846.9599609375,8.640000343322754,3774.429931640625
20.11236000061035,2.875,50.0,3422.10009765625,39.13999938964844,52.95000076293945,15.390000343322754,145.60000610351562,50.0,627.1500244140625,50.0,1201.4300537109375,50.0,2564.419921875,42.7599983215332,2832.739990234375,5.309999942779541,2844.830078125,25.40999984741211,2877.3798828125,22.399999618530273,3794.659912109375
21.34831428527832,3.0,50.0,3491.550048828125,39.5099983215332,112.83999633789062,26.440000534057617,179.05999755859375,28.690000534057617,676.6400146484375,50.0,1270.8800048828125,50.0,2633.8701171875,5.360000133514404,2851.669921875,6.440000057220459,2852.9599609375,30.25,2915.840087890625,39.75,3841.8701171875
22.613636016845703,2.75,50.0,3560.989990234375,0.0,126.22000122070312,37.209999084472656,223.82000732421875,43.029998779296875,726.8699951171875,50.0,1340.3299560546875,50.0,2703.31005859375,0.0,2858.159912109375,20.790000915527344,2874.929931640625,46.27000045776367,2972.610107421875,50.0,3904.9599609375
23.606740951538086,2.875,28.579999923706055,17.809999465942383,13.210000038146973,136.0800018310547,47.66999816894531,285.69000244140625,50.0,792.25,50.0,1409.780029296875,19.399999618530273,2750.760009765625,4.900000095367432,2863.260009765625,32.61000061035156,2913.43994140625,50.0,3040.81005859375,50.0,3974.409912109375
23.8817195892334,3.25,40.869998931884766,67.44999694824219,27.389999389648438,166.61000061035156,50.0,354.6499938964844,50.0,861.6900024414062,50.0,1479.219970703125,36.16999816894531,2792.860107421875,21.1299991607666,2881.580078125,44.779998779296875,2969.360107421875,50.0,3110.260009765625,50.0,4043.860107421875
25.0744686126709,3.5,42.779998779296875,130.7100067138672,43.349998474121094,218.3800048828125,50.0,424.0899963378906,45.22999954223633,929.8099975585938,50.0,1548.6700439453125,44.150001525878906,2851.97998046875,31.770000457763672,2918.35009765625,49.209999084472656,3036.139892578125,50.0,3179.7099609375,40.880001068115234,4109.7099609375
26.731182098388672,3.375,0.0,146.22000122070312,50.0,285.04998779296875,50.0,493.5400085449219,3.509999990463257,944.47998046875,50.0,1618.1199951171875,0.0,2878.159912109375,42.029998779296875,2971.679931640625,49.90999984741211,3105.110107421875,50.0,3249.159912109375,33.619998931884766,4159.6201171875
27.06185531616211,3.625,5.0,151.3699951171875,50.0,354.5,50.0,562.989990234375,12.489999771118164,953.3099975585938,50.0,1687.5699462890625,8.760000228881836,2884.14990234375,50.0,3038.1201171875,50.0,3174.530029296875,50.0,3318.610107421875,36.22999954223633,4207.27001953125
28.11111068725586,4.0,6.150000095367432,159.1199951171875,50.0,423.94000244140625,50.0,632.4299926757812,29.829999923706055,985.27001953125,26.100000381469727,1731.5899658203125,17.8700008392334,2900.449951171875,50.0,3107.570068359375,50.0,3243.97998046875,50.0,3388.050048828125,33.4900016784668,4254.2099609375
29.727272033691406,4.0,7.269999980926514,168.5500030517578,50.0,493.3900146484375,28.690000534057617,688.3800048828125,45.869998931884766,1041.2099609375,36.65999984741211,1774.760009765625,27.530000686645508,2933.43994140625,50.0,3177.02001953125,50.0,3313.419921875,50.0,3457.5,32.36000061035156,4301.8701171875
31.030000686645508,4.0,17.229999542236328,187.74000549316406,50.0,562.8400268554688,34.88999938964844,730.5599975585938,50.0,1108.3599853515625,44.83000183105469,1835.550048828125,34.31999969482422,2978.679931640625,50.0,3246.4599609375,50.0,3382.8701171875,50.0,3526.949951171875,32.13999938964844,4346.89990234375
26.445545196533203,3.625,26.75,219.58999633789062,50.0,632.2899780273438,46.20000076293945,789.2000122070312,50.0,1177.81005859375,2.5399999618530273,1852.489990234375,45.86000061035156,3036.110107421875,50.0,3315.909912109375,50.0,3452.320068359375,50.0,3596.389892578125,31.3799991607666,4393.259765625
28.112245559692383,3.5,37.95000076293945,268.70001220703125,34.790000915527344,697.280029296875,50.0,857.8400268554688,50.0,1247.25,0.0,1853.9000244140625,49.31999969482422,3102.419921875,50.0,3385.360107421875,50.0,3521.77001953125,36.25,3662.02001953125,31.93000030517578,4440.0498046875
29.030000686645508,3.75,49.34000015258789,330.6099853515625,33.0099983215332,734.9199829101562,50.0,927.280029296875,50.0,1316.699951171875,8.40999984741211,1858.510009765625,50.0,3171.719970703125,50.0,3454.800048828125,50.0,3591.2099609375,28.81999969482422,3697.330078125,33.869998931884766,4486.259765625
29.7281551361084,4.125,50.0,400.05999755859375,46.5,794.3599853515625,0.0,963.5,50.0,1386.1500244140625,27.420000076293945,1886.1800537109375,50.0,3241.169921875,50.0,3524.25,49.7400016784668,3659.3798828125,40.779998779296875,3750.2900390625,33.439998626708984,4533.16015625
30.28972053527832,4.625,50.0,469.510009765625,50.0,862.2899780273438,2.680000066757202,964.25,50.0,1455.5899658203125,42.619998931884766,1937.550048828125,50.0,3310.610107421875,50.0,3593.68994140625,30.489999771118164,3704.639892578125,6.019999980926514,3790.830078125,10.670000076293945,4547.43994140625
33.9009895324707,4.875,50.0,538.9500122070312,50.0,931.739990234375,5.269999980926514,968.6900024414062,50.0,1525.0400390625,48.91999816894531,2003.550048828125,50.0,3380.06005859375,50.0,3662.75,46.150001525878906,3762.090087890625,8.350000381469727,3796.610107421875,20.940000534057617,4570.669921875
35.83168411254883,4.875,50.0,608.4000244140625,6.349999904632568,965.5499877929688,10.4399995803833,977.3099975585938,50.0,1594.489990234375,50.0,2072.679931640625,50.0,3449.510009765625,26.170000076293945,3713.93994140625,13.289999961853027,3810.830078125,25.899999618530273,3824.7099609375,33.31999969482422,4609.1201171875
38.189998626708984,5.0,50.0,677.8499755859375,8.789999961853027,975.1599731445312,26.079999923706055,1004.6500244140625,50.0,1663.9300537109375,50.0,2142.1298828125,50.0,3518.949951171875,44.560001373291016,3766.030029296875,17.280000686645508,3822.830078125,37.34000015258789,3871.56005859375,46.81999969482422,4667.60009765625
33.79207992553711,4.875,27.09000015258789,729.8099975585938,4.320000171661377,984.7000122070312,39.0099983215332,1050.8900146484375,38.27000045776367,1730.1199951171875,50.0,2211.580078125,50.0,3588.389892578125,29.739999771118164,3826.31005859375,24.43000030517578,3850.39990234375,45.959999084472656,3931.590087890625,0.0,4693.47998046875
26.474225997924805,4.25,36.650001525878906,773.0399780273438,13.789999961853027,995.2100219726562,46.31999969482422,1111.3599853515625,32.7400016784668,1768.8499755859375,50.0,2281.02001953125,50.0,3657.840087890625,0.0,3830.830078125,36.880001068115234,3893.669921875,49.63999938964844,3999.47998046875,3.990000009536743,4694.58984375
24.57291603088379,4.0,50.0,836.8400268554688,30.079999923706055,1028.22998046875,49.400001525878906,1178.02001953125,41.31999969482422,1821.6600341796875,50.0,2350.469970703125,34.779998779296875,3722.830078125,17.280000686645508,3842.830078125,47.7599983215332,3955.60009765625,50.0,4068.7900390625,16.049999237060547,10.970000267028809
26.23958396911621,4.0,50.0,906.280029296875,47.5,1086.300048828125,50.0,1247.469970703125,16.200000762939453,1871.280029296875,50.0,2419.919921875,34.81999969482422,3760.889892578125,29.579999923706055,3878.159912109375,49.7400016784668,4023.81005859375,50.0,4138.240234375,25.59000015258789,37.7400016784668
26.804122924804688,3.875,50.0,975.72998046875,50.0,1154.9599609375,49.97999954223633,1316.8900146484375,4.320000171661377,1875.3800048828125,25.559999465942383,2479.7900390625,44.459999084472656,3818.5400390625,45.02000045776367,3930.550048828125,50.0,4093.1201171875,50.0,4207.68994140625,32.61000061035156,76.9000015258789
28.102041244506836,4.0,0.0,1003.5,50.0,1224.4100341796875,50.0,1386.3299560546875,13.680000305175781,1886.7099609375,32.34000015258789,2519.18994140625,0.0,3850.830078125,49.099998474121094,3997.590087890625,50.0,4162.56982421875,50.0,4277.14013671875,45.75,135.5500030517578
29.170000076293945,4.125,6.929999828338623,1008.1300048828125,50.0,1293.8599853515625,50.0,1455.77001953125,23.030000686645508,1916.260009765625,43.36000061035156,2572.89990234375,17.329999923706055,3864.090087890625,49.779998779296875,4066.43994140625,50.0,4232.02001953125,50.0,4346.58984375,50.0,204.3000030517578
30.81999969482422,4.125,7.670000076293945,1018.2899780273438,50.0,1363.300048828125,50.0,1525.219970703125,31.079999923706055,1953.6300048828125,48.970001220703125,2638.97998046875,30.06999969482422,3896.81005859375,49.959999084472656,4135.72998046875,50.0,4301.4599609375,50.0,4416.0400390625,50.0,273.75
31.57281494140625,4.375,18.950000762939453,1035.469970703125,50.0,1432.75,50.0,1594.6700439453125,34.970001220703125,1999.6199951171875,50.0,2707.929931640625,43.70000076293945,3949.0400390625,50.0,4205.16015625,50.0,4370.91015625,50.0,4485.490234375,50.0,343.19000244140625
32.74285888671875,4.75,33.040000915527344,1075.489990234375,50.0,1502.199951171875,50.0,1664.1199951171875,48.349998474121094,2061.4599609375,16.670000076293945,2761.60009765625,50.0,4015.5,50.0,4274.60986328125,50.0,4440.35986328125,50.0,4554.93017578125,50.0,412.6400146484375
31.669902801513672,4.625,39.11000061035156,1126.530029296875,50.0,1571.6500244140625,50.0,1733.5699462890625,50.0,2130.64990234375,0.0,2762.22998046875,50.0,4084.949951171875,50.0,4344.0498046875,50.0,4509.81005859375,29.479999542236328,4595.77001953125,50.0,482.0899963378906
32.86666488647461,4.75,50.0,1190.31005859375,50.0,1641.0999755859375,27.170000076293945,1773.550048828125,50.0,2200.090087890625,10.390000343322754,2770.18994140625,50.0,4154.39013671875,50.0,4413.5,50.0,4579.259765625,39.959999084472656,4643.56982421875,50.0,551.5399780273438
34.11214828491211,5.0,50.0,1259.760009765625,50.0,1710.5400390625,39.7599983215332,1823.280029296875,50.0,2269.5400390625,20.81999969482422,2792.909912109375,50.0,4223.83984375,50.0,4482.93994140625,27.889999389648438,4616.77001953125,36.59000015258789,8.149999618530273,24.469999313354492,591.3699951171875
28.660551071166992,4.375,50.0,1329.2099609375,25.600000381469727,1770.4300537109375,36.02000045776367,1882.97998046875,50.0,2338.97998046875,36.150001525878906,2833.2099609375,50.0,4293.27978515625,50.0,4552.39013671875,43.91999816894531,4669.85009765625,4.320000171661377,17.68000030517578,42.38999938964844,641.8300170898438
30.70093536376953,4.75,50.0,1398.6500244140625,33.75,1809.6199951171875,8.640000343322754,1895.3800048828125,50.0,2408.429931640625,46.599998474121094,2892.2099609375,50.0,4362.72998046875,27.459999084472656,4613.31005859375,32.97999954223633,30.15999984741211,13.630000114440918,33.13999938964844,30.920000076293945,701.8499755859375
25.419048309326172,4.875,50.0,1468.0999755859375,48.599998474121094,1868.56005859375,26.979999542236328,1922.6700439453125,50.0,2477.8798828125,49.59000015258789,2960.14990234375,50.0,4432.18017578125,35.88999938964844,4654.83984375,8.640000343322754,40.08000183105469,28.209999084472656,63.45000076293945,4.340000152587891,709.4400024414062
22.882352828979492,4.375,50.0,1537.550048828125,5.980000019073486,1911.780029296875,35.709999084472656,1968.9000244140625,27.049999237060547,2520.340087890625,50.0,3029.60009765625,50.0,4501.6298828125,45.970001220703125,17.520000457763672,22.93000030517578,61.880001068115234,35.349998474121094,106.11000061035156,22.440000534057617,731.4600219726562
24.405941009521484,4.375,50.0,1606.989990234375,13.350000381469727,1922.3599853515625,40.75,2021.3299560546875,35.939998626708984,2567.47998046875,50.0,3099.050048828125,50.0,4571.080078125,4.670000076293945,56.47999954223633,38.790000915527344,108.52999877929688,47.720001220703125,166.50999450683594,35.810001373291016,772.6500244140625
26.3799991607666,4.625,50.0,1676.43994140625,20.600000381469727,1944.93994140625,50.0,2085.199951171875,45.529998779296875,2623.909912109375,50.0,3168.489990234375,28.979999542236328,4632.83984375,16.559999465942383,67.68000030517578,48.86000061035156,172.9199981689453,50.0,235.07000732421875,47.709999084472656,832.72998046875
27.495145797729492,5.0,50.0,1745.8900146484375,29.329999923706055,1983.27001953125,50.0,2154.639892578125,50.0,2691.81005859375,50.0,3237.93994140625,38.119998931884766,4674.990234375,31.6200008392334,100.5,50.0,241.64999389648438,50.0,304.5199890136719,50.0,902.1799926757812
28.420560836791992,5.5,25.600000381469727,1798.989990234375,43.7400016784668,2034.8699951171875,50.0,2224.090087890625,50.0,2761.260009765625,50.0,3307.389892578125,45.68000030517578,35.72999954223633,42.90999984741211,152.27000427246094,50.0,311.0899963378906,50.0,373.9599914550781,50.0,971.6199951171875
29.851852416992188,5.5,30.260000228881836,1837.1199951171875,49.58000183105469,2101.949951171875,50.0,2293.5400390625,0.0,2782.22998046875,50.0,3376.830078125,3.390000104904175,76.4800033569336,49.77000045776367,218.49000549316406,50.0,380.5400085449219,50.0,443.4100036621094,50.0,1041.0699462890625
31.256879806518555,5.25,37.400001525878906,1888.75,50.0,2171.280029296875,50.0,2362.989990234375,12.960000038146973,2789.429931640625,50.0,3446.280029296875,15.90999984741211,88.0999984741211,50.0,287.8399963378906,50.0,449.989990234375,50.0,512.8599853515625,50.0,1110.52001953125
