# Step,AveragePeopleAtBusStops,AverageWaitTime
0.000000,0.000000,0.000000
1.000000,0.000000,0.000000
2.000000,0.125000,1.000000
3.000000,0.125000,1.000000
4.000000,0.250000,2.000000
5.000000,0.250000,3.000000
6.000000,0.250000,2.666667
7.000000,0.375000,2.750000
8.000000,0.500000,3.750000
9.000000,0.500000,4.750000
10.000000,0.500000,4.600000
11.000000,0.625000,4.666667
12.000000,0.750000,5.666667
13.000000,0.750000,6.666667
14.000000,0.750000,6.571429
15.000000,0.875000,7.571429
16.000000,0.875000,7.500000
17.000000,1.000000,6.800000
18.000000,1.250000,7.090909
19.000000,1.375000,8.090909
20.000000,1.375000,8.333333
21.000000,1.500000,9.333333
22.000000,1.500000,9.538462
23.000000,1.625000,10.538462
24.000000,1.625000,10.000000
25.000000,1.875000,11.000000
26.000000,1.875000,12.000000
27.000000,1.875000,13.000000
28.000000,1.875000,14.000000
29.000000,1.875000,15.000000
30.000000,1.875000,16.000000
31.000000,1.875000,15.000000
32.000000,2.125000,15.111111
33.000000,2.250000,15.263158
34.000000,2.250000,14.000000
35.000000,2.625000,14.954545
36.000000,2.625000,15.217391
37.000000,2.750000,15.500000
38.000000,2.875000,15.192308
39.000000,3.125000,16.153846
40.000000,3.125000,16.481481
41.000000,3.250000,17.444444
42.000000,3.250000,18.407407
43.000000,3.250000,19.370370
44.000000,3.250000,20.333333
45.000000,3.250000,21.296296
46.000000,3.250000,22.259259
47.000000,3.250000,23.222222
48.000000,3.250000,23.321429
49.000000,3.375000,24.285714
50.000000,3.375000,24.379310
51.000000,3.500000,24.500000
52.000000,3.625000,25.466667
53.000000,3.625000,25.580645
54.000000,3.750000,26.548387
55.000000,3.750000,25.848485
56.000000,4.000000,26.818182
57.000000,4.000000,27.787879
58.000000,4.000000,27.911765
59.000000,4.125000,28.882353
60.000000,4.125000,29.852941
61.000000,4.125000,30.823529
62.000000,4.125000,31.794118
63.000000,4.125000,31.828571
64.000000,4.250000,32.800000
65.000000,4.250000,31.945946
66.000000,4.500000,32.052632
67.000000,4.625000,31.375000
68.000000,4.875000,31.560976
69.000000,5.000000,31.761905
70.000000,5.125000,32.738095
71.000000,5.125000,32.181818
72.000000,5.375000,32.422222
73.000000,5.500000,32.673913
74.000000,5.625000,32.936170
75.000000,5.750000,33.208333
76.000000,5.875000,33.489796
77.000000,6.000000,34.469388
78.000000,6.000000,34.740000
79.000000,6.125000,34.346154
80.000000,6.250000,34.641509
81.000000,6.375000,35.603774
82.000000,6.375000,35.888889
83.000000,6.500000,36.181818
84.000000,6.625000,36.482143
85.000000,6.750000,37.446429
86.000000,6.750000,38.410714
87.000000,6.750000,39.375000
88.000000,6.750000,40.339286
89.000000,6.750000,40.578947
90.000000,6.875000,40.827586
91.000000,6.875000,41.067797
92.000000,7.000000,41.316667
93.000000,7.125000,42.266667
94.000000,7.125000,43.216667
95.000000,7.125000,43.442623
96.000000,7.250000,44.393443
97.000000,7.250000,45.344262
98.000000,7.250000,46.295082
99.000000,7.250000,46.483871
100.000000,7.375000,46.682540
101.000000,7.500000,46.169231
102.000000,7.625000,45.701493
103.000000,7.875000,45.955882
104.000000,8.125000,46.231884
105.000000,8.250000,47.188406
106.000000,8.250000,48.144928
107.000000,7.875000,44.400000
108.000000,7.750000,42.211268
109.000000,7.625000,40.430556
110.000000,7.500000,39.666667
111.000000,7.250000,39.222222
112.000000,7.000000,38.452055
113.000000,6.875000,38.067568
114.000000,6.750000,38.675676
115.000000,6.750000,39.405405
116.000000,6.750000,40.135135
117.000000,6.750000,39.789474
118.000000,7.000000,40.000000
119.000000,7.125000,40.217949
120.000000,7.250000,40.961538
121.000000,7.250000,41.177215
122.000000,7.375000,41.400000
123.000000,7.500000,42.150000
124.000000,7.500000,42.370370
125.000000,7.625000,43.123457
126.000000,7.625000,43.876543
127.000000,7.625000,44.629630
128.000000,7.625000,45.382716
129.000000,7.625000,46.135802
130.000000,7.625000,46.317073
131.000000,7.750000,47.073171
132.000000,7.750000,47.829268
133.000000,7.750000,48.585366
134.000000,7.750000,48.166667
135.000000,8.000000,48.352941
136.000000,8.125000,49.117647
137.000000,8.125000,49.882353
138.000000,8.125000,50.647059
139.000000,8.125000,51.411765
140.000000,8.125000,52.176471
141.000000,8.125000,51.724138
142.000000,8.375000,52.494253
143.000000,8.375000,53.264368
144.000000,8.375000,52.820225
145.000000,8.625000,53.595506
146.000000,8.625000,53.766667
147.000000,8.750000,54.544444
148.000000,8.750000,55.322222
149.000000,8.750000,55.483516
150.000000,8.875000,55.652174
151.000000,9.000000,56.434783
152.000000,9.000000,56.602151
153.000000,9.125000,56.178947
154.000000,9.375000,56.968421
155.000000,9.375000,57.156250
156.000000,9.500000,57.350515
157.000000,9.625000,58.144330
158.000000,9.625000,58.336735
159.000000,9.750000,59.132653
160.000000,9.750000,59.323232
161.000000,9.875000,59.520000
162.000000,10.000000,60.320000
163.000000,10.000000,61.120000
164.000000,10.000000,61.920000
165.000000,10.000000,62.720000
166.000000,10.000000,63.520000
167.000000,10.000000,64.320000
168.000000,10.000000,64.475248
169.000000,10.125000,65.277228
170.000000,10.125000,64.796117
171.000000,10.375000,65.601942
172.000000,10.375000,66.407767
173.000000,10.375000,65.933333
174.000000,10.625000,66.113208
175.000000,10.750000,66.299065
176.000000,10.500000,63.611111
177.000000,10.625000,65.000000
178.000000,10.750000,65.194444
179.000000,10.875000,65.394495
180.000000,11.000000,65.600000
181.000000,11.125000,66.409091
182.000000,11.125000,67.218182
183.000000,11.125000,67.414414
184.000000,11.250000,68.225225
185.000000,11.250000,69.036036
186.000000,11.250000,68.610619
187.000000,11.500000,67.629310
188.000000,11.875000,68.448276
189.000000,11.875000,68.093220
190.000000,12.125000,67.766667
191.000000,12.375000,68.591667
192.000000,12.375000,68.278689
193.000000,12.500000,69.098361
194.000000,12.500000,69.349593
195.000000,12.625000,70.170732
196.000000,12.625000,69.856000
197.000000,12.875000,70.680000
198.000000,12.875000,71.504000
199.000000,12.875000,71.753968
200.000000,13.000000,72.007874
201.000000,13.125000,72.834646
202.000000,13.125000,72.519380
203.000000,13.375000,73.348837
204.000000,13.375000,74.178295
205.000000,13.375000,74.430769
206.000000,13.500000,75.261538
207.000000,13.500000,75.511450
208.000000,13.625000,76.343511
209.000000,13.625000,77.175573
210.000000,13.625000,77.416667
211.000000,13.750000,77.082090
212.000000,14.000000,77.917910
213.000000,14.000000,78.753731
214.000000,14.000000,77.282609
215.000000,14.500000,76.460993
216.000000,14.500000,71.762238
217.000000,14.500000,69.923077
218.000000,14.250000,68.202797
219.000000,14.250000,69.978723
220.000000,13.625000,66.531915
221.000000,13.375000,66.835714
222.000000,13.000000,65.935714
223.000000,12.750000,66.357143
224.000000,12.750000,66.609929
225.000000,12.875000,67.340426
226.000000,12.875000,68.070922
227.000000,12.875000,67.839161
228.000000,13.125000,68.097222
229.000000,13.250000,68.358621
230.000000,13.375000,68.156463
231.000000,13.375000,68.884354
232.000000,13.375000,69.141892
233.000000,13.500000,69.871622
234.000000,13.500000,69.198675
235.000000,13.875000,69.933775
236.000000,13.875000,70.203947
237.000000,14.000000,70.940789
238.000000,14.000000,71.677632
239.000000,14.000000,71.941176
240.000000,14.125000,71.741935
241.000000,14.375000,71.560510
242.000000,14.625000,71.848101
243.000000,14.750000,72.594937
244.000000,14.750000,72.880503
245.000000,14.875000,73.628931
246.000000,14.875000,74.377358
247.000000,14.875000,75.125786
248.000000,14.875000,75.874214
249.000000,14.875000,76.622642
250.000000,14.875000,76.887500
251.000000,15.000000,77.155280
252.000000,15.125000,77.425926
253.000000,15.250000,77.699387
254.000000,15.250000,78.447853
255.000000,15.250000,79.196319
256.000000,15.250000,79.457317
257.000000,15.375000,80.207317
258.000000,15.375000,80.466667
259.000000,15.375000,81.212121
260.000000,15.375000,81.463855
261.000000,15.500000,82.210843
262.000000,15.500000,82.461078
263.000000,15.625000,83.209581
264.000000,15.625000,83.458333
265.000000,15.625000,83.211765
266.000000,15.875000,82.502890
267.000000,16.000000,83.242775
268.000000,16.000000,83.982659
269.000000,16.000000,83.754286
270.000000,16.250000,84.017045
271.000000,16.375000,84.282486
272.000000,16.500000,85.028249
273.000000,16.500000,85.292135
274.000000,16.625000,85.083333
275.000000,16.875000,84.890110
276.000000,17.125000,85.642857
277.000000,17.125000,85.923497
278.000000,17.250000,86.206522
279.000000,17.375000,86.491892
280.000000,17.500000,85.856383
281.000000,17.875000,85.705263
282.000000,17.625000,83.015789
283.000000,17.500000,81.136126
284.000000,17.375000,79.447917
285.000000,17.250000,78.515625
286.000000,17.000000,77.134021
287.000000,17.000000,76.819588
288.000000,16.750000,76.742268
289.000000,16.500000,76.958763
290.000000,16.250000,77.448454
291.000000,16.250000,78.523316
292.000000,16.250000,79.196891
293.000000,16.250000,79.458763
294.000000,16.250000,80.128866
295.000000,16.250000,80.798969
296.000000,16.250000,81.469072
297.000000,16.250000,82.139175
298.000000,16.250000,82.384615
299.000000,16.375000,83.056410
300.000000,16.375000,83.728205
301.000000,16.375000,84.400000
302.000000,16.375000,85.071795
303.000000,16.375000,85.743590
304.000000,16.375000,85.974490
305.000000,16.500000,85.772727
306.000000,16.750000,86.449495
307.000000,16.375000,85.010101
308.000000,16.125000,84.585859
309.000000,15.875000,84.363636
310.000000,15.625000,84.292929
311.000000,15.375000,84.429293
312.000000,15.125000,84.853535
313.000000,15.125000,85.464646
314.000000,15.125000,85.643216
315.000000,15.250000,84.975248
316.000000,15.375000,84.750000
317.000000,15.750000,85.362745
318.000000,15.750000,85.980392
319.000000,15.750000,86.598039
320.000000,15.750000,86.368932
321.000000,16.000000,86.570048
322.000000,16.125000,86.774038
323.000000,16.250000,86.980861
324.000000,16.375000,87.607656
325.000000,16.375000,88.234450
326.000000,16.375000,88.861244
327.000000,16.375000,88.639810
328.000000,16.625000,88.849057
329.000000,16.750000,89.061033
330.000000,16.875000,89.694836
331.000000,16.875000,90.328638
332.000000,16.875000,90.962441
333.000000,16.875000,90.324074
334.000000,17.000000,90.123853
335.000000,17.250000,90.761468
336.000000,17.375000,90.972603
337.000000,17.500000,91.611872
338.000000,17.500000,91.004505
339.000000,17.875000,91.648649
340.000000,17.875000,92.292793
341.000000,17.875000,92.520179
342.000000,18.000000,92.750000
343.000000,18.125000,93.397321
344.000000,18.125000,94.044643
345.000000,18.125000,94.691964
346.000000,18.125000,95.339286
347.000000,18.125000,95.560000
348.000000,18.250000,96.208889
349.000000,18.250000,98.166667
350.000000,18.000000,95.488789
351.000000,18.000000,95.162162
352.000000,17.875000,94.950226
353.000000,17.750000,94.809091
354.000000,17.625000,94.726027
355.000000,17.500000,93.786364
356.000000,17.625000,93.281818
357.000000,17.625000,93.497738
358.000000,17.750000,94.140271
359.000000,17.750000,94.782805
360.000000,17.750000,94.995495
361.000000,17.875000,95.639640
362.000000,17.875000,95.852018
363.000000,18.000000,96.497758
364.000000,18.000000,96.709821
365.000000,18.125000,97.357143
366.000000,18.125000,97.568889
367.000000,18.250000,97.783186
368.000000,18.375000,98.000000
369.000000,18.500000,98.651982
370.000000,18.500000,98.868421
371.000000,18.625000,99.087336
372.000000,18.750000,99.308696
373.000000,18.875000,99.532468
374.000000,19.000000,99.758621
375.000000,19.125000,99.987124
376.000000,18.875000,98.414530
377.000000,18.750000,97.812766
378.000000,18.750000,97.236287
379.000000,19.125000,99.991379
380.000000,18.875000,97.133047
381.000000,19.000000,95.888889
382.000000,19.250000,96.198276
383.000000,19.250000,96.560870
384.000000,19.125000,96.646288
385.000000,19.000000,95.129310
386.000000,19.375000,95.797414
387.000000,19.375000,96.465517
388.000000,19.375000,96.716738
389.000000,19.500000,97.386266
390.000000,19.500000,98.055794
391.000000,19.500000,98.725322
392.000000,19.500000,98.970085
393.000000,19.625000,99.641026
394.000000,19.625000,99.885106
395.000000,19.750000,100.557447
396.000000,19.750000,101.229787
397.000000,19.750000,101.902128
398.000000,19.750000,101.708861
399.000000,19.875000,101.949580
400.000000,20.000000,102.621849
401.000000,20.000000,102.861925
402.000000,20.125000,103.535565
403.000000,20.125000,104.209205
404.000000,20.125000,104.445833
405.000000,20.250000,104.252066
406.000000,20.500000,104.929752
407.000000,20.500000,105.607438
408.000000,20.500000,105.847737
409.000000,20.625000,106.526749
410.000000,20.625000,106.330612
411.000000,20.750000,106.573171
412.000000,20.750000,106.821862
413.000000,20.875000,107.489879
414.000000,20.500000,103.737903
415.000000,20.625000,101.064000
416.000000,20.625000,99.264000
417.000000,20.375000,97.736000
418.000000,20.375000,98.388000
419.000000,20.000000,95.681275
420.000000,19.875000,95.848606
421.000000,19.625000,94.290837
422.000000,19.375000,94.593625
423.000000,19.125000,95.155378
424.000000,19.125000,95.007905
425.000000,19.250000,95.240157
426.000000,19.375000,95.474510
427.000000,19.500000,95.710938
428.000000,19.625000,95.949416
429.000000,19.750000,96.564202
430.000000,19.750000,96.802326
431.000000,19.875000,97.042471
432.000000,20.000000,97.284615
433.000000,20.125000,97.903846
434.000000,20.125000,98.523077
435.000000,20.125000,98.762452
436.000000,20.250000,99.003817
437.000000,20.375000,100.779923
438.000000,20.125000,97.753846
439.000000,20.125000,97.254826
440.000000,20.000000,96.825581
441.000000,19.875000,96.093023
442.000000,19.875000,95.824903
443.000000,19.750000,95.566406
444.000000,19.625000,95.345098
445.000000,19.500000,94.815686
446.000000,19.500000,95.054688
447.000000,19.625000,95.667969
448.000000,19.625000,95.906615
449.000000,19.750000,96.521401
450.000000,19.750000,96.386100
451.000000,19.875000,96.626923
452.000000,20.000000,96.869732
453.000000,20.125000,97.486590
454.000000,20.125000,97.729008
455.000000,20.125000,98.343511
456.000000,20.125000,98.958015
457.000000,20.125000,99.572519
458.000000,20.125000,100.187023
459.000000,20.125000,100.801527
460.000000,20.125000,101.416031
461.000000,20.125000,101.642586
462.000000,20.250000,102.258555
463.000000,20.250000,102.874525
464.000000,20.250000,103.490494
465.000000,20.250000,104.106464
466.000000,20.250000,104.722433
467.000000,20.250000,105.338403
468.000000,20.250000,105.954373
469.000000,20.250000,106.570342
470.000000,20.250000,106.780303
471.000000,20.375000,107.397727
472.000000,20.375000,107.607547
473.000000,20.500000,108.226415
474.000000,20.500000,108.029963
475.000000,20.750000,108.651685
476.000000,20.750000,108.865672
477.000000,20.875000,109.488806
478.000000,20.875000,109.702602
479.000000,21.000000,109.512915
480.000000,21.125000,109.731618
481.000000,20.875000,108.573529
482.000000,20.625000,107.613139
483.000000,20.625000,107.565693
484.000000,20.375000,106.509025
485.000000,20.750000,107.887273
486.000000,20.500000,108.094545
487.000000,20.500000,108.690909
488.000000,20.500000,109.127273
489.000000,20.500000,110.527473
490.000000,20.375000,110.700730
491.000000,20.375000,111.295620
492.000000,20.375000,111.483636
493.000000,20.500000,110.870504
494.000000,20.750000,111.471223
495.000000,20.875000,112.068345
496.000000,20.875000,112.265233
497.000000,21.000000,112.867384
498.000000,21.000000,113.064286
499.000000,21.125000,112.861702
500.000000,21.375000,113.468085
501.000000,21.375000,113.271127
502.000000,21.625000,113.880282
503.000000,21.625000,113.688811
504.000000,21.875000,113.902439
505.000000,22.000000,114.515679
506.000000,22.000000,114.729167
507.000000,21.750000,113.529412
508.000000,21.625000,113.131034
509.000000,21.500000,112.064846
510.000000,21.500000,112.491468
511.000000,21.250000,112.986348
512.000000,21.250000,113.569966
513.000000,21.250000,114.153584
514.000000,21.250000,114.346939
515.000000,21.375000,114.542373
516.000000,21.375000,114.736486
517.000000,21.375000,114.932660
518.000000,21.500000,114.739130
519.000000,21.750000,115.327759
520.000000,21.750000,115.916388
521.000000,21.750000,116.505017
522.000000,21.750000,116.703333
523.000000,21.750000,117.290000
524.000000,21.750000,117.096026
525.000000,21.750000,117.293729
526.000000,21.875000,117.493421
527.000000,22.000000,118.082237
528.000000,22.000000,118.281967
529.000000,22.000000,118.872131
530.000000,22.000000,119.071895
531.000000,22.125000,119.663399
532.000000,22.125000,120.254902
533.000000,22.125000,120.452769
534.000000,22.250000,120.262136
535.000000,22.375000,122.039216
536.000000,22.125000,118.882736
537.000000,22.375000,117.693811
538.000000,22.500000,116.609121
539.000000,22.500000,115.214286
540.000000,22.500000,114.609121
541.000000,22.375000,112.928803
542.000000,22.625000,112.386364
543.000000,22.500000,111.564935
544.000000,22.375000,111.136808
545.000000,22.250000,110.348534
546.000000,22.250000,110.210356
547.000000,22.375000,110.789644
548.000000,22.375000,111.368932
549.000000,22.375000,113.045752
550.000000,22.125000,110.530945
551.000000,22.125000,109.811075
552.000000,22.125000,108.762987
553.000000,22.250000,108.469055
554.000000,22.125000,107.165049
555.000000,22.375000,107.744337
556.000000,22.375000,107.974194
557.000000,22.500000,109.615635
558.000000,22.250000,109.516234
559.000000,22.250000,109.961039
560.000000,22.250000,110.405844
561.000000,22.250000,111.231270
562.000000,22.125000,112.058824
563.000000,22.000000,112.934426
564.000000,21.875000,113.851974
565.000000,21.875000,114.805281
566.000000,22.000000,115.006579
567.000000,22.375000,115.595395
568.000000,22.375000,116.184211
569.000000,22.375000,116.390164
570.000000,22.500000,116.598039
571.000000,22.625000,116.807818
572.000000,22.750000,117.400651
573.000000,22.750000,117.610390
574.000000,22.875000,117.822006
575.000000,22.875000,118.032258
576.000000,22.625000,117.083871
577.000000,22.375000,116.385852
578.000000,22.250000,115.759615
579.000000,22.000000,115.596154
580.000000,22.000000,116.916129
581.000000,21.750000,117.610390
582.000000,21.625000,116.294118
583.000000,21.250000,115.009804
584.000000,21.250000,115.036184
585.000000,21.000000,114.227723
586.000000,20.875000,114.382060
587.000000,20.625000,113.355482
588.000000,20.500000,113.136667
589.000000,20.375000,113.550000
590.000000,20.375000,113.347682
591.000000,20.500000,113.890728
592.000000,20.500000,114.069307
593.000000,20.625000,113.875410
594.000000,20.875000,114.436066
595.000000,20.875000,114.620915
596.000000,21.000000,115.183007
597.000000,21.000000,115.745098
598.000000,21.000000,116.307190
599.000000,21.000000,116.488599
600.000000,21.125000,117.052117
601.000000,21.125000,117.615635
602.000000,21.125000,118.179153
603.000000,21.125000,118.742671
604.000000,21.125000,118.918831
605.000000,21.250000,119.097087
606.000000,21.375000,119.663430
607.000000,21.375000,119.841935
608.000000,21.500000,120.022508
609.000000,21.625000,120.205128
610.000000,21.750000,120.775641
611.000000,21.750000,121.346154
612.000000,21.750000,121.916667
613.000000,21.750000,122.095847
614.000000,21.875000,122.667732
615.000000,21.875000,122.847134
616.000000,22.000000,123.420382
617.000000,21.625000,119.993631
618.000000,21.750000,117.608280
619.000000,21.875000,118.453674
620.000000,21.750000,116.527157
621.000000,21.750000,117.836013
622.000000,21.500000,115.990354
623.000000,21.500000,116.169872
624.000000,21.500000,116.721154
625.000000,21.500000,117.272436
626.000000,21.500000,117.447284
627.000000,21.625000,117.624204
628.000000,21.750000,118.178344
629.000000,21.750000,118.355556
630.000000,21.875000,118.534810
631.000000,22.000000,118.716088
632.000000,22.000000,119.271293
633.000000,22.000000,119.449686
634.000000,22.000000,119.626959
635.000000,22.125000,119.806250
636.000000,22.250000,120.739812
637.000000,22.125000,117.548287
638.000000,22.125000,117.006250
639.000000,22.000000,116.131250
640.000000,22.000000,115.350000
641.000000,22.000000,114.962382
642.000000,21.875000,114.235110
643.000000,21.875000,113.889937
644.000000,21.375000,112.418239
645.000000,21.125000,111.197492
646.000000,21.250000,112.441640
647.000000,21.125000,113.316456
648.000000,21.125000,114.582803
649.000000,21.125000,115.865385
650.000000,21.125000,117.164516
651.000000,21.125000,117.716129
652.000000,21.125000,117.887460
653.000000,21.125000,118.437299
654.000000,21.125000,118.987138
655.000000,21.125000,119.153846
656.000000,21.250000,119.322684
657.000000,21.375000,119.493631
658.000000,21.500000,120.047771
659.000000,21.500000,120.601911
660.000000,21.500000,121.156051
661.000000,21.500000,121.710191
662.000000,21.500000,122.264331
663.000000,21.500000,122.428571
664.000000,21.625000,122.594937
665.000000,21.750000,123.151899
666.000000,21.750000,123.318612
667.000000,21.750000,123.873817
668.000000,21.750000,124.037736
669.000000,21.750000,124.594340
670.000000,21.750000,124.758621
671.000000,21.875000,124.925000
672.000000,22.000000,125.093458
673.000000,22.000000,125.260870
674.000000,22.125000,125.819876
675.000000,22.125000,126.378882
676.000000,22.125000,126.937888
677.000000,22.125000,127.102167
678.000000,22.250000,127.268519
679.000000,22.250000,127.830247
680.000000,22.250000,127.996923
681.000000,22.375000,129.757764
682.000000,22.125000,128.764706
683.000000,22.125000,128.373457
684.000000,22.250000,128.391975
685.000000,22.250000,128.885449
686.000000,22.125000,129.388199
687.000000,22.000000,129.975078
688.000000,21.875000,129.785714
689.000000,21.875000,129.540123
690.000000,22.125000,130.101852
691.000000,22.125000,129.861963
692.000000,22.250000,130.423313
693.000000,22.250000,130.984663
694.000000,22.250000,131.143731
695.000000,22.250000,131.304878
696.000000,22.375000,131.868902
697.000000,22.375000,132.432927
698.000000,22.375000,132.592705
699.000000,22.500000,133.158055
700.000000,22.500000,133.723404
701.000000,22.500000,134.288754
702.000000,22.500000,134.854103
703.000000,22.500000,134.195783
704.000000,22.625000,134.357357
705.000000,22.750000,134.523952
706.000000,22.875000,135.089820
707.000000,22.875000,136.891239
708.000000,22.625000,135.789790
709.000000,22.750000,135.978979
710.000000,22.625000,136.192192
711.000000,22.625000,136.819277
712.000000,22.500000,136.290419
713.000000,22.750000,137.015015
714.000000,22.625000,137.336336
715.000000,22.625000,136.853731
716.000000,22.750000,137.426866
717.000000,22.875000,137.997015
718.000000,22.875000,138.157738
719.000000,23.000000,137.911243
720.000000,23.250000,138.079646
721.000000,23.250000,138.657817
722.000000,23.250000,138.826471
723.000000,23.000000,138.785294
724.000000,22.750000,139.138235
725.000000,22.500000,138.836257
726.000000,22.375000,139.383041
727.000000,22.375000,139.938596
728.000000,22.375000,140.494152
729.000000,22.375000,141.049708
730.000000,22.375000,141.605263
731.000000,22.375000,142.160819
732.000000,22.375000,142.716374
733.000000,22.000000,142.421053
734.000000,21.750000,143.958702
735.000000,21.250000,140.864307
736.000000,21.375000,139.624260
737.000000,21.500000,139.223214
738.000000,21.500000,139.249249
739.000000,21.500000,138.990937
740.000000,21.500000,138.671733
741.000000,21.500000,137.568389
742.000000,21.500000,136.847561
743.000000,21.500000,135.826220
744.000000,21.500000,135.143731
745.000000,21.375000,134.385321
746.000000,21.250000,133.228659
747.000000,21.375000,133.759146
748.000000,21.375000,134.691131
749.000000,21.250000,131.493902
750.000000,21.375000,130.405488
751.000000,21.375000,129.730887
752.000000,21.250000,129.073620
753.000000,21.125000,128.458462
754.000000,21.000000,127.824074
755.000000,20.875000,126.882716
756.000000,20.875000,125.944444
757.000000,20.875000,126.568750
758.000000,20.500000,125.431250
759.000000,20.500000,126.745283
760.000000,20.500000,127.671924
761.000000,20.500000,128.198738
762.000000,20.500000,128.725552
763.000000,20.625000,130.076190
764.000000,20.625000,130.609524
765.000000,20.625000,130.727848
766.000000,20.750000,130.848580
767.000000,20.875000,131.384858
768.000000,20.875000,131.094044
769.000000,21.125000,131.633229
770.000000,21.125000,132.172414
771.000000,21.125000,132.711599
772.000000,21.125000,132.834375
773.000000,21.250000,133.375000
774.000000,21.250000,133.083851
775.000000,21.375000,133.627329
776.000000,21.000000,133.245342
777.000000,20.750000,132.956656
778.000000,20.875000,134.317757
779.000000,20.875000,136.552050
780.000000,20.625000,133.870662
781.000000,20.500000,133.215190
782.000000,20.375000,133.418530
783.000000,20.000000,129.483974
784.000000,20.125000,128.418006
785.000000,20.000000,127.360129
786.000000,20.000000,127.467949
787.000000,20.125000,127.581470
788.000000,20.250000,128.105431
789.000000,20.250000,127.408228
790.000000,20.375000,127.526814
791.000000,20.375000,128.056782
792.000000,20.375000,128.182390
793.000000,20.500000,127.510903
794.000000,20.750000,127.636646
795.000000,20.875000,127.770898
796.000000,20.875000,128.306502
797.000000,20.875000,128.444444
798.000000,21.000000,128.584615
799.000000,21.000000,128.726994
800.000000,21.125000,129.266871
801.000000,21.125000,129.409786
802.000000,21.250000,129.554878
803.000000,21.375000,129.702128
804.000000,21.500000,129.851515
805.000000,21.625000,130.396970
806.000000,21.625000,130.942424
807.000000,21.625000,131.090634
808.000000,21.625000,131.637462
809.000000,21.625000,132.184290
810.000000,21.625000,132.731118
811.000000,21.625000,132.876506
812.000000,21.750000,133.424699
813.000000,21.750000,133.972892
814.000000,21.750000,134.117117
815.000000,21.750000,133.862687
816.000000,21.750000,134.008929
817.000000,21.375000,130.047619
818.000000,21.500000,126.766272
819.000000,21.500000,124.135693
820.000000,21.500000,122.041298
821.000000,21.250000,120.023599
822.000000,20.625000,114.058997
823.000000,20.250000,111.079882
824.000000,19.875000,108.002959
825.000000,19.750000,108.101190
826.000000,19.500000,105.181548
827.000000,19.500000,104.997015
828.000000,19.250000,103.226866
829.000000,19.250000,103.716418
830.000000,19.250000,102.851190
831.000000,19.375000,104.273273
832.000000,19.125000,104.336336
833.000000,19.000000,104.687688
834.000000,19.000000,105.373494
835.000000,18.875000,106.081571
836.000000,18.875000,107.215805
837.000000,18.875000,108.033537
838.000000,19.000000,108.859327
839.000000,19.000000,109.354740
840.000000,19.000000,109.850153
841.000000,18.750000,111.495356
842.000000,18.500000,109.249221
843.000000,18.625000,107.803738
844.000000,18.750000,107.638365
845.000000,18.750000,107.482540
846.000000,18.750000,107.378205
847.000000,18.750000,107.220065
848.000000,18.750000,106.045307
849.000000,18.750000,105.292208
850.000000,18.750000,104.605863
851.000000,18.625000,103.671010
852.000000,18.625000,104.169381
853.000000,18.625000,104.667752
854.000000,18.625000,105.166124
855.000000,18.625000,105.664495
856.000000,18.625000,105.475728
857.000000,18.750000,105.635484
858.000000,18.875000,106.138710
859.000000,18.875000,106.289389
860.000000,19.000000,106.794212
861.000000,19.000000,107.299035
862.000000,19.000000,107.458333
863.000000,19.125000,107.964744
864.000000,19.125000,108.471154
865.000000,19.125000,108.977564
866.000000,19.125000,109.483974
867.000000,19.125000,109.638978
868.000000,19.250000,109.796178
869.000000,19.375000,110.305732
870.000000,19.375000,110.815287
871.000000,19.375000,111.324841
872.000000,19.375000,111.834395
873.000000,19.375000,111.987302
874.000000,19.375000,112.498413
875.000000,19.375000,113.009524
876.000000,19.375000,112.449686
877.000000,19.750000,112.965409
878.000000,19.750000,112.420561
879.000000,20.125000,112.590062
880.000000,20.125000,113.111801
881.000000,19.750000,112.217391
882.000000,19.375000,112.145963
883.000000,19.000000,112.647975
884.000000,18.750000,113.771160
885.000000,18.625000,114.603774
886.000000,18.625000,116.200000
887.000000,18.500000,113.801917
888.000000,18.625000,113.192926
889.000000,18.750000,112.980519
890.000000,18.750000,112.777049
891.000000,18.625000,111.842105
892.000000,18.500000,110.914191
893.000000,18.375000,110.125828
894.000000,18.250000,109.345515
895.000000,18.125000,108.318937
896.000000,18.125000,108.466887
897.000000,18.250000,108.976821
898.000000,18.250000,109.125413
899.000000,18.375000,109.636964
900.000000,18.375000,110.148515
901.000000,18.375000,110.296053
902.000000,18.500000,110.445902
903.000000,18.625000,110.960656
904.000000,18.625000,111.111111
905.000000,18.375000,106.970779
906.000000,18.250000,105.250000
907.000000,18.125000,104.996743
908.000000,18.000000,104.741830
909.000000,17.875000,104.629508
910.000000,17.750000,104.509868
911.000000,17.625000,105.426667
912.000000,17.500000,105.651007
913.000000,17.500000,106.508418
914.000000,17.625000,107.375000
915.000000,17.625000,107.881757
916.000000,17.625000,109.129252
917.000000,17.625000,110.017065
918.000000,17.750000,111.295533
919.000000,17.750000,111.434932
920.000000,17.875000,111.958904
921.000000,17.875000,111.717687
922.000000,18.000000,112.241497
923.000000,18.000000,112.386441
924.000000,18.000000,112.915254
925.000000,18.000000,113.437288
926.000000,18.000000,113.966102
927.000000,18.000000,114.494915
928.000000,18.000000,114.635135
929.000000,18.125000,116.344710
930.000000,18.125000,117.280822
931.000000,18.125000,117.416382
932.000000,18.250000,117.955631
933.000000,18.250000,118.494881
934.000000,18.250000,118.629252
935.000000,18.250000,118.766102
936.000000,18.375000,118.107383
937.000000,18.625000,119.456081
938.000000,18.500000,115.144295
939.000000,18.750000,113.427609
940.000000,18.750000,112.030405
941.000000,18.750000,110.391892
942.000000,18.875000,109.427119
943.000000,18.875000,108.261905
944.000000,18.875000,107.170648
945.000000,18.875000,105.183051
946.000000,19.125000,104.986532
947.000000,19.375000,104.989933
948.000000,19.625000,105.177258
949.000000,19.625000,105.260000
950.000000,19.750000,105.810000
951.000000,19.750000,106.715719
952.000000,19.625000,103.960000
953.000000,19.500000,103.518395
954.000000,19.375000,102.383333
955.000000,19.500000,101.269103
956.000000,19.500000,101.820598
957.000000,19.500000,102.372093
958.000000,19.500000,102.923588
959.000000,19.500000,103.132450
960.000000,19.625000,103.685430
961.000000,19.625000,104.238411
962.000000,19.625000,104.101974
963.000000,19.750000,104.654605
964.000000,19.875000,105.210526
965.000000,19.875000,105.766447
966.000000,19.875000,106.322368
967.000000,19.875000,106.527869
968.000000,20.000000,107.085246
969.000000,19.625000,106.967320
970.000000,19.500000,107.045603
971.000000,19.500000,107.937908
972.000000,19.500000,109.194079
973.000000,19.500000,110.466887
974.000000,19.500000,111.016556
975.000000,19.625000,111.569536
976.000000,19.625000,112.122517
977.000000,19.625000,113.426667
978.000000,19.375000,110.142857
979.000000,19.625000,108.298013
980.000000,19.875000,107.221854
981.000000,20.000000,106.139073
982.000000,19.750000,99.875000
983.000000,19.625000,96.557756
984.000000,19.250000,93.526490
985.000000,19.125000,93.446667
986.000000,18.875000,90.793333
987.000000,18.875000,91.134680
988.000000,18.500000,88.959732
989.000000,18.625000,89.183946
990.000000,18.750000,88.862876
991.000000,18.750000,89.387960
992.000000,18.750000,89.313333
993.000000,18.875000,89.245033
994.000000,19.125000,89.478548
995.000000,19.125000,90.006601
996.000000,19.125000,90.240132
997.000000,19.000000,91.033003
998.000000,19.000000,92.169435
999.000000,19.000000,93.321070
