# Step,PedestrianCount,AveragePeopleAtBusStops,AverageWaitTime
0.000000,1.000000,0.000000,0.000000
1.000000,2.000000,0.125000,0.500000
2.000000,5.000000,0.250000,0.600000
3.000000,5.000000,0.500000,1.600000
4.000000,7.000000,0.625000,1.714286
5.000000,7.000000,0.875000,2.714286
6.000000,8.000000,0.875000,3.250000
7.000000,9.000000,1.000000,3.777778
8.000000,11.000000,1.125000,3.909091
9.000000,11.000000,1.375000,4.909091
10.000000,13.000000,1.375000,5.000000
11.000000,13.000000,1.625000,6.000000
12.000000,13.000000,1.625000,7.000000
13.000000,13.000000,1.625000,8.000000
14.000000,13.000000,1.625000,9.000000
15.000000,13.000000,1.625000,10.000000
16.000000,13.000000,1.625000,11.000000
17.000000,15.000000,1.625000,10.400000
18.000000,17.000000,1.875000,10.058824
19.000000,18.000000,2.125000,10.444444
20.000000,19.000000,2.250000,10.842105
21.000000,19.000000,2.125000,10.526316
22.000000,23.000000,2.125000,9.434783
23.000000,23.000000,2.500000,10.304348
24.000000,24.000000,2.500000,10.708333
25.000000,25.000000,2.625000,11.120000
26.000000,25.000000,2.750000,12.000000
27.000000,26.000000,2.750000,12.384615
28.000000,27.000000,2.875000,12.777778
29.000000,28.000000,3.000000,13.178571
30.000000,28.000000,3.125000,14.071429
31.000000,29.000000,3.125000,14.448276
32.000000,29.000000,3.250000,15.344828
33.000000,29.000000,3.250000,16.241379
34.000000,29.000000,3.250000,17.137931
35.000000,29.000000,3.250000,18.034483
36.000000,30.000000,3.250000,18.300000
37.000000,30.000000,3.375000,19.200000
38.000000,30.000000,3.375000,20.100000
39.000000,30.000000,3.375000,21.000000
40.000000,32.000000,3.375000,20.531250
41.000000,33.000000,3.625000,20.787879
42.000000,33.000000,3.750000,21.696970
43.000000,33.000000,3.750000,22.606061
44.000000,35.000000,3.750000,22.171429
45.000000,35.000000,3.875000,23.057143
46.000000,35.000000,3.875000,23.942857
47.000000,35.000000,3.875000,24.828571
48.000000,36.000000,3.875000,25.000000
49.000000,37.000000,4.000000,25.189189
50.000000,37.000000,4.125000,26.081081
51.000000,37.000000,4.125000,26.972973
52.000000,38.000000,4.125000,27.131579
53.000000,38.000000,4.125000,28.000000
54.000000,38.000000,4.125000,28.868421
55.000000,38.000000,4.125000,29.736842
56.000000,38.000000,4.125000,30.605263
57.000000,39.000000,4.125000,30.666667
58.000000,41.000000,4.250000,30.000000
59.000000,41.000000,4.500000,30.878049
60.000000,43.000000,4.500000,30.279070
61.000000,44.000000,4.750000,30.454545
62.000000,45.000000,4.750000,30.622222
63.000000,45.000000,4.875000,31.488889
64.000000,47.000000,4.875000,30.978723
65.000000,47.000000,5.000000,31.829787
66.000000,47.000000,5.000000,32.680851
67.000000,47.000000,5.000000,33.531915
68.000000,47.000000,5.000000,34.382979
69.000000,47.000000,5.000000,35.234043
70.000000,48.000000,5.000000,35.333333
71.000000,49.000000,5.125000,35.448980
72.000000,50.000000,5.125000,35.560000
73.000000,51.000000,5.250000,35.686275
74.000000,52.000000,5.375000,35.826923
75.000000,52.000000,5.500000,36.673077
76.000000,52.000000,5.500000,37.519231
77.000000,52.000000,5.500000,38.365385
78.000000,52.000000,5.500000,39.211538
79.000000,53.000000,5.500000,39.301887
80.000000,54.000000,5.625000,39.407407
81.000000,54.000000,5.750000,40.259259
82.000000,55.000000,5.750000,40.363636
83.000000,55.000000,5.750000,41.200000
84.000000,55.000000,5.750000,42.036364
85.000000,55.000000,5.750000,42.872727
86.000000,55.000000,5.750000,43.709091
87.000000,56.000000,5.750000,43.750000
88.000000,56.000000,5.750000,44.571429
89.000000,58.000000,5.750000,43.827586
90.000000,58.000000,6.000000,44.655172
91.000000,58.000000,6.000000,45.482759
92.000000,58.000000,6.000000,46.310345
93.000000,59.000000,6.000000,46.338983
94.000000,59.000000,6.125000,47.169492
95.000000,60.000000,6.125000,47.200000
96.000000,60.000000,6.250000,48.033333
97.000000,60.000000,6.250000,48.866667
98.000000,61.000000,6.250000,48.885246
99.000000,62.000000,6.375000,48.919355
100.000000,64.000000,6.500000,48.203125
101.000000,64.000000,6.750000,49.046875
102.000000,65.000000,6.750000,49.123077
103.000000,66.000000,6.875000,49.212121
104.000000,67.000000,7.000000,49.313433
105.000000,67.000000,7.125000,50.164179
106.000000,68.000000,7.125000,50.264706
107.000000,69.000000,6.875000,46.942029
108.000000,69.000000,6.750000,47.217391
109.000000,69.000000,6.500000,47.840580
110.000000,69.000000,6.500000,48.594203
111.000000,70.000000,6.500000,48.642857
112.000000,70.000000,6.625000,49.400000
113.000000,71.000000,6.625000,49.450704
114.000000,71.000000,6.750000,50.211268
115.000000,71.000000,6.750000,50.971831
116.000000,71.000000,6.750000,51.732394
117.000000,71.000000,6.750000,52.492958
118.000000,72.000000,6.750000,52.513889
119.000000,75.000000,6.875000,51.146667
120.000000,77.000000,7.250000,50.571429
121.000000,77.000000,7.500000,51.350649
122.000000,78.000000,7.500000,51.461538
123.000000,78.000000,7.625000,52.243590
124.000000,78.000000,7.625000,53.025641
125.000000,79.000000,7.625000,53.126582
126.000000,79.000000,7.750000,53.911392
127.000000,79.000000,7.750000,54.696203
128.000000,82.000000,7.750000,53.451220
129.000000,82.000000,8.000000,54.231707
130.000000,84.000000,8.000000,53.702381
131.000000,84.000000,8.250000,54.488095
132.000000,84.000000,8.250000,55.273810
133.000000,84.000000,8.250000,56.059524
134.000000,84.000000,8.250000,56.845238
135.000000,84.000000,8.250000,57.630952
136.000000,84.000000,8.250000,58.416667
137.000000,84.000000,8.250000,59.202381
138.000000,84.000000,8.250000,59.988095
139.000000,87.000000,8.250000,58.678161
140.000000,87.000000,8.625000,59.471264
141.000000,89.000000,8.625000,58.910112
142.000000,89.000000,8.625000,59.685393
143.000000,89.000000,8.625000,60.460674
144.000000,89.000000,8.625000,61.235955
145.000000,89.000000,8.625000,62.011236
146.000000,89.000000,8.625000,62.786517
147.000000,90.000000,8.625000,62.855556
148.000000,91.000000,8.625000,62.923077
149.000000,91.000000,8.625000,63.681319
150.000000,91.000000,8.625000,64.439560
151.000000,91.000000,8.625000,65.197802
152.000000,92.000000,8.625000,65.239130
153.000000,92.000000,8.750000,66.000000
154.000000,94.000000,8.750000,65.340426
155.000000,95.000000,9.000000,65.410526
156.000000,96.000000,9.125000,65.489583
157.000000,97.000000,9.250000,65.577320
158.000000,98.000000,9.375000,65.673469
159.000000,98.000000,9.500000,66.448980
160.000000,98.000000,9.500000,67.224490
161.000000,99.000000,9.500000,67.313131
162.000000,100.000000,9.625000,67.410000
163.000000,100.000000,9.750000,68.190000
164.000000,101.000000,9.750000,68.287129
165.000000,102.000000,9.875000,68.392157
166.000000,102.000000,10.000000,69.176471
167.000000,102.000000,10.000000,69.960784
168.000000,102.000000,10.000000,70.745098
169.000000,104.000000,10.000000,70.153846
170.000000,104.000000,10.250000,70.942308
171.000000,104.000000,10.250000,71.730769
172.000000,105.000000,10.250000,71.828571
173.000000,105.000000,10.375000,72.619048
174.000000,105.000000,10.375000,73.409524
175.000000,105.000000,10.375000,74.200000
176.000000,105.000000,10.375000,74.990476
177.000000,106.000000,10.000000,70.679245
178.000000,107.000000,9.875000,68.205607
179.000000,108.000000,9.750000,67.370370
180.000000,108.000000,9.625000,67.916667
181.000000,107.000000,9.625000,69.271028
182.000000,107.000000,9.750000,70.000000
183.000000,109.000000,9.750000,69.431193
184.000000,109.000000,10.000000,70.165138
185.000000,110.000000,10.000000,70.254545
186.000000,110.000000,10.125000,70.990909
187.000000,110.000000,10.125000,71.727273
188.000000,110.000000,10.125000,72.463636
189.000000,113.000000,10.125000,71.256637
190.000000,114.000000,10.375000,71.359649
191.000000,114.000000,10.500000,72.096491
192.000000,115.000000,10.500000,72.200000
193.000000,115.000000,10.625000,72.939130
194.000000,115.000000,10.625000,73.678261
195.000000,115.000000,10.625000,74.417391
196.000000,116.000000,10.625000,74.508621
197.000000,116.000000,10.750000,75.250000
198.000000,118.000000,10.750000,74.703390
199.000000,119.000000,11.000000,74.815126
200.000000,119.000000,11.125000,75.563025
201.000000,119.000000,11.125000,76.310924
202.000000,120.000000,11.125000,76.416667
203.000000,120.000000,11.250000,77.166667
204.000000,120.000000,11.250000,77.916667
205.000000,122.000000,11.250000,77.377049
206.000000,122.000000,11.500000,78.131148
207.000000,123.000000,11.500000,78.243902
208.000000,124.000000,11.625000,78.362903
209.000000,126.000000,11.750000,77.865079
210.000000,127.000000,12.000000,78.007874
211.000000,127.000000,12.125000,78.771654
212.000000,127.000000,12.125000,79.535433
213.000000,127.000000,12.125000,80.299213
214.000000,127.000000,12.125000,81.062992
215.000000,128.000000,12.125000,81.187500
216.000000,128.000000,11.875000,77.148438
217.000000,129.000000,11.625000,74.302326
218.000000,130.000000,11.500000,71.792308
219.000000,130.000000,11.000000,68.507692
220.000000,131.000000,10.500000,66.374046
221.000000,130.000000,10.250000,66.400000
222.000000,129.000000,10.000000,66.658915
223.000000,129.000000,9.875000,66.519380
224.000000,129.000000,9.750000,66.387597
225.000000,129.000000,9.750000,66.333333
226.000000,130.000000,9.750000,66.423077
227.000000,130.000000,9.875000,67.030769
228.000000,130.000000,9.875000,67.638462
229.000000,130.000000,9.875000,68.246154
230.000000,131.000000,9.875000,68.328244
231.000000,131.000000,10.000000,68.938931
232.000000,131.000000,10.000000,69.549618
233.000000,131.000000,10.000000,70.160305
234.000000,133.000000,10.000000,69.706767
235.000000,133.000000,10.125000,70.315789
236.000000,134.000000,10.125000,70.395522
237.000000,134.000000,10.250000,71.007463
238.000000,134.000000,10.250000,71.619403
239.000000,135.000000,10.250000,71.696296
240.000000,135.000000,10.375000,72.311111
241.000000,135.000000,10.375000,72.925926
242.000000,137.000000,10.375000,72.467153
243.000000,137.000000,10.500000,73.080292
244.000000,138.000000,10.625000,73.166667
245.000000,138.000000,10.750000,73.789855
246.000000,139.000000,10.750000,73.877698
247.000000,139.000000,10.875000,74.503597
248.000000,139.000000,10.875000,75.129496
249.000000,140.000000,10.875000,75.214286
250.000000,140.000000,11.000000,75.842857
251.000000,140.000000,11.000000,76.471429
252.000000,141.000000,11.000000,76.553191
253.000000,141.000000,11.000000,77.177305
254.000000,143.000000,11.000000,76.713287
255.000000,144.000000,11.250000,76.805556
256.000000,145.000000,11.375000,76.903448
257.000000,146.000000,11.500000,77.006849
258.000000,147.000000,11.625000,77.115646
259.000000,147.000000,11.750000,77.755102
260.000000,147.000000,11.750000,78.394558
261.000000,148.000000,11.750000,78.500000
262.000000,148.000000,11.875000,79.141892
263.000000,148.000000,11.875000,79.783784
264.000000,148.000000,11.875000,80.425676
265.000000,148.000000,11.875000,81.067568
266.000000,150.000000,11.875000,80.620000
267.000000,152.000000,12.125000,80.197368
268.000000,153.000000,12.250000,80.313725
269.000000,153.000000,12.375000,80.960784
270.000000,153.000000,12.375000,81.607843
271.000000,153.000000,12.375000,82.254902
272.000000,154.000000,12.375000,82.363636
273.000000,154.000000,12.500000,83.012987
274.000000,154.000000,12.500000,83.662338
275.000000,154.000000,12.500000,84.311688
276.000000,154.000000,12.500000,84.961039
277.000000,154.000000,12.500000,85.610390
278.000000,155.000000,12.500000,85.703226
279.000000,155.000000,12.625000,86.354839
280.000000,155.000000,12.625000,87.006452
281.000000,155.000000,12.250000,83.174194
282.000000,156.000000,12.000000,81.006410
283.000000,155.000000,12.000000,81.096774
284.000000,156.000000,11.875000,80.205128
285.000000,157.000000,11.750000,79.515924
286.000000,157.000000,11.875000,79.401274
287.000000,156.000000,11.875000,79.897436
288.000000,155.000000,11.750000,80.503226
289.000000,155.000000,11.625000,80.600000
290.000000,156.000000,11.625000,80.679487
291.000000,157.000000,11.750000,80.764331
292.000000,158.000000,11.875000,80.854430
293.000000,159.000000,12.000000,80.949686
294.000000,159.000000,12.125000,81.559748
295.000000,160.000000,12.125000,81.656250
296.000000,160.000000,12.250000,82.268750
297.000000,161.000000,12.250000,82.366460
298.000000,161.000000,12.375000,82.981366
299.000000,163.000000,12.375000,82.570552
300.000000,164.000000,12.500000,82.676829
301.000000,165.000000,12.625000,82.787879
302.000000,166.000000,12.750000,82.903614
303.000000,167.000000,12.875000,83.023952
304.000000,168.000000,13.000000,83.148810
305.000000,168.000000,13.125000,83.773810
306.000000,171.000000,13.125000,82.918129
307.000000,171.000000,13.125000,81.029240
308.000000,172.000000,12.875000,79.959302
309.000000,174.000000,12.750000,78.758621
310.000000,174.000000,12.750000,78.752874
311.000000,175.000000,12.500000,78.491429
312.000000,177.000000,12.500000,78.056497
313.000000,178.000000,12.625000,78.185393
314.000000,178.000000,12.750000,78.758427
315.000000,178.000000,12.750000,79.331461
316.000000,179.000000,12.750000,79.458101
317.000000,179.000000,12.875000,80.033520
318.000000,179.000000,12.875000,80.608939
319.000000,180.000000,12.875000,80.733333
320.000000,180.000000,13.000000,81.311111
321.000000,183.000000,13.000000,80.546448
322.000000,185.000000,13.375000,80.254054
323.000000,185.000000,13.500000,80.837838
324.000000,185.000000,13.500000,81.421622
325.000000,185.000000,13.500000,82.005405
326.000000,185.000000,13.500000,82.589189
327.000000,185.000000,13.500000,83.172973
328.000000,185.000000,13.500000,83.756757
329.000000,185.000000,13.500000,84.340541
330.000000,185.000000,13.500000,84.924324
331.000000,186.000000,13.500000,85.048387
332.000000,187.000000,13.625000,85.176471
333.000000,190.000000,13.750000,84.410526
334.000000,190.000000,13.875000,84.994737
335.000000,192.000000,13.875000,84.687500
336.000000,192.000000,14.125000,85.276042
337.000000,194.000000,14.125000,84.979381
338.000000,194.000000,14.375000,85.572165
339.000000,196.000000,14.375000,85.285714
340.000000,196.000000,14.500000,85.877551
341.000000,197.000000,14.500000,86.030457
342.000000,198.000000,14.500000,86.181818
343.000000,198.000000,14.625000,86.772727
344.000000,199.000000,14.625000,86.924623
345.000000,200.000000,14.750000,87.080000
346.000000,201.000000,14.875000,87.238806
347.000000,201.000000,14.875000,87.830846
348.000000,201.000000,14.875000,88.422886
349.000000,204.000000,14.875000,87.705882
350.000000,202.000000,15.125000,89.173267
351.000000,203.000000,14.875000,85.901478
352.000000,203.000000,14.875000,84.866995
353.000000,203.000000,14.875000,83.916256
354.000000,203.000000,14.875000,83.044335
355.000000,206.000000,14.875000,82.412621
356.000000,207.000000,15.250000,82.603865
357.000000,207.000000,15.375000,83.198068
358.000000,207.000000,15.375000,83.792271
359.000000,207.000000,15.375000,84.386473
360.000000,209.000000,15.375000,84.167464
361.000000,209.000000,15.625000,84.765550
362.000000,210.000000,15.625000,84.957143
363.000000,210.000000,15.750000,85.557143
364.000000,211.000000,15.750000,85.748815
365.000000,211.000000,15.875000,86.350711
366.000000,211.000000,15.875000,86.952607
367.000000,211.000000,15.875000,87.554502
368.000000,211.000000,15.875000,88.156398
369.000000,211.000000,15.875000,88.758294
370.000000,211.000000,15.875000,89.360190
371.000000,214.000000,15.875000,88.700935
372.000000,214.000000,16.250000,89.308411
373.000000,216.000000,16.250000,89.083333
374.000000,217.000000,16.500000,89.281106
375.000000,217.000000,16.625000,89.894009
376.000000,217.000000,16.625000,90.506912
377.000000,218.000000,16.625000,90.701835
378.000000,218.000000,16.375000,89.362385
379.000000,219.000000,16.125000,88.821918
380.000000,217.000000,16.000000,89.640553
381.000000,219.000000,15.625000,85.630137
382.000000,216.000000,15.750000,85.740741
383.000000,215.000000,15.375000,84.934884
384.000000,212.000000,15.250000,85.438679
385.000000,210.000000,15.125000,85.661905
386.000000,209.000000,15.000000,86.023923
387.000000,211.000000,14.875000,85.364929
388.000000,211.000000,15.125000,85.872038
389.000000,210.000000,15.125000,86.790476
390.000000,212.000000,15.000000,86.490566
391.000000,213.000000,15.125000,86.652582
392.000000,213.000000,15.125000,87.220657
393.000000,215.000000,15.125000,86.972093
394.000000,215.000000,15.375000,87.544186
395.000000,216.000000,15.375000,87.708333
396.000000,216.000000,15.500000,88.282407
397.000000,216.000000,15.500000,88.856481
398.000000,216.000000,15.500000,89.430556
399.000000,216.000000,15.500000,90.004630
400.000000,217.000000,15.500000,90.161290
401.000000,217.000000,15.625000,90.737327
402.000000,220.000000,15.625000,90.068182
403.000000,220.000000,16.000000,90.650000
404.000000,221.000000,16.000000,90.819005
405.000000,221.000000,16.125000,91.402715
406.000000,221.000000,16.125000,91.986425
407.000000,221.000000,16.125000,92.570136
408.000000,221.000000,16.125000,93.153846
409.000000,221.000000,16.125000,93.737557
410.000000,223.000000,16.125000,93.475336
411.000000,223.000000,16.375000,94.062780
412.000000,224.000000,16.375000,94.227679
413.000000,224.000000,16.500000,94.816964
414.000000,224.000000,16.500000,95.406250
415.000000,225.000000,16.500000,95.568889
416.000000,225.000000,16.250000,92.888889
417.000000,224.000000,16.250000,93.883929
418.000000,224.000000,16.125000,92.625000
419.000000,223.000000,15.750000,92.116592
420.000000,223.000000,15.375000,90.161435
421.000000,221.000000,15.125000,90.701357
422.000000,221.000000,14.625000,89.185520
423.000000,220.000000,14.375000,89.922727
424.000000,220.000000,14.250000,89.295455
425.000000,222.000000,14.250000,89.004505
426.000000,222.000000,14.500000,89.527027
427.000000,222.000000,14.500000,90.049550
428.000000,224.000000,14.500000,89.763393
429.000000,224.000000,14.750000,90.290179
430.000000,225.000000,14.750000,90.413333
431.000000,226.000000,14.875000,90.539823
432.000000,227.000000,15.000000,90.669604
433.000000,229.000000,15.125000,90.406114
434.000000,232.000000,15.250000,89.762931
435.000000,229.000000,15.625000,91.489083
436.000000,230.000000,15.500000,87.969565
437.000000,229.000000,15.500000,87.100437
438.000000,229.000000,15.375000,85.855895
439.000000,229.000000,15.250000,84.685590
440.000000,229.000000,15.250000,83.515284
441.000000,229.000000,15.125000,82.930131
442.000000,230.000000,15.125000,82.000000
443.000000,230.000000,15.250000,82.530435
444.000000,231.000000,15.250000,82.701299
445.000000,231.000000,15.375000,83.233766
446.000000,232.000000,15.375000,83.405172
447.000000,232.000000,15.500000,83.939655
448.000000,235.000000,15.500000,83.395745
449.000000,236.000000,15.875000,83.580508
450.000000,237.000000,16.000000,83.767932
451.000000,239.000000,16.000000,83.602510
452.000000,240.000000,16.125000,83.795833
453.000000,240.000000,16.250000,84.333333
454.000000,240.000000,16.250000,84.879167
455.000000,240.000000,16.250000,85.425000
456.000000,240.000000,16.250000,85.970833
457.000000,240.000000,16.250000,86.516667
458.000000,240.000000,16.250000,87.062500
459.000000,242.000000,16.250000,86.884298
460.000000,243.000000,16.500000,87.074074
461.000000,243.000000,16.625000,87.625514
462.000000,243.000000,16.625000,88.176955
463.000000,243.000000,16.625000,88.728395
464.000000,243.000000,16.625000,89.279835
465.000000,243.000000,16.625000,89.831276
466.000000,244.000000,16.625000,90.012295
467.000000,245.000000,16.750000,90.195918
468.000000,246.000000,16.875000,90.382114
469.000000,247.000000,16.875000,90.566802
470.000000,248.000000,17.000000,90.754032
471.000000,249.000000,17.125000,90.943775
472.000000,250.000000,17.250000,91.136000
473.000000,251.000000,17.375000,91.330677
474.000000,252.000000,17.500000,91.527778
475.000000,253.000000,17.625000,91.727273
476.000000,254.000000,17.750000,91.929134
477.000000,255.000000,17.875000,92.133333
478.000000,255.000000,17.875000,92.701961
479.000000,255.000000,17.875000,93.262745
480.000000,257.000000,17.875000,93.101167
481.000000,259.000000,18.000000,92.945946
482.000000,257.000000,18.000000,93.237354
483.000000,257.000000,17.750000,91.933852
484.000000,255.000000,17.750000,93.219608
485.000000,255.000000,17.500000,92.019608
486.000000,254.000000,17.500000,92.940945
487.000000,254.000000,17.375000,92.161417
488.000000,253.000000,17.375000,93.083004
489.000000,254.000000,17.250000,92.370079
490.000000,253.000000,17.250000,93.288538
491.000000,255.000000,17.125000,92.596078
492.000000,255.000000,17.375000,93.149020
493.000000,255.000000,17.375000,93.701961
494.000000,256.000000,17.375000,93.886719
495.000000,256.000000,17.500000,94.441406
496.000000,256.000000,17.500000,94.996094
497.000000,256.000000,17.500000,95.550781
498.000000,256.000000,17.500000,96.105469
499.000000,256.000000,17.500000,96.660156
500.000000,257.000000,17.500000,96.836576
501.000000,258.000000,17.625000,97.015504
502.000000,260.000000,17.750000,96.823077
503.000000,261.000000,17.875000,97.011494
504.000000,262.000000,18.000000,97.202290
505.000000,264.000000,18.125000,97.026515
506.000000,265.000000,18.250000,97.226415
507.000000,265.000000,17.875000,96.090566
508.000000,267.000000,17.625000,95.014981
509.000000,267.000000,17.625000,94.880150
510.000000,267.000000,17.375000,94.865169
511.000000,267.000000,17.125000,94.906367
512.000000,267.000000,16.875000,95.101124
513.000000,267.000000,16.625000,95.363296
514.000000,268.000000,16.375000,95.361940
515.000000,268.000000,16.375000,95.873134
516.000000,268.000000,16.375000,96.384328
517.000000,268.000000,16.375000,96.895522
518.000000,268.000000,16.375000,97.406716
519.000000,270.000000,16.375000,97.192593
520.000000,270.000000,16.625000,97.707407
521.000000,270.000000,16.625000,98.222222
522.000000,270.000000,16.625000,98.737037
523.000000,270.000000,16.625000,99.251852
524.000000,271.000000,16.625000,99.398524
525.000000,273.000000,16.750000,99.183150
526.000000,273.000000,16.875000,99.703297
527.000000,273.000000,16.875000,100.223443
528.000000,274.000000,16.875000,100.375912
529.000000,274.000000,17.000000,100.897810
530.000000,276.000000,17.000000,100.684783
531.000000,277.000000,17.125000,100.844765
532.000000,277.000000,17.125000,101.371841
533.000000,279.000000,17.125000,101.168459
534.000000,281.000000,17.250000,100.971530
535.000000,278.000000,17.375000,102.593525
536.000000,279.000000,17.125000,98.931900
537.000000,279.000000,17.375000,97.053763
538.000000,278.000000,17.500000,95.913669
539.000000,278.000000,17.500000,94.600719
540.000000,277.000000,17.625000,93.606498
541.000000,278.000000,17.625000,92.050360
542.000000,277.000000,17.625000,91.270758
543.000000,277.000000,17.625000,90.133574
544.000000,276.000000,17.750000,89.221014
545.000000,276.000000,17.750000,88.025362
546.000000,276.000000,17.750000,88.539855
547.000000,277.000000,17.750000,88.732852
548.000000,277.000000,17.875000,89.249097
549.000000,277.000000,17.875000,89.765343
550.000000,277.000000,17.875000,90.281588
551.000000,274.000000,17.875000,91.791971
552.000000,275.000000,17.625000,88.392727
553.000000,274.000000,17.625000,87.485401
554.000000,273.000000,17.500000,86.619048
555.000000,274.000000,17.375000,85.226277
556.000000,274.000000,17.500000,84.186131
557.000000,274.000000,17.500000,83.175182
558.000000,272.000000,17.500000,84.301471
559.000000,273.000000,17.375000,84.161172
560.000000,273.000000,17.375000,84.578755
561.000000,273.000000,17.375000,85.025641
562.000000,273.000000,17.375000,85.512821
563.000000,272.000000,17.375000,86.323529
564.000000,271.000000,17.250000,87.143911
565.000000,269.000000,17.250000,88.304833
566.000000,268.000000,17.250000,89.149254
567.000000,268.000000,17.375000,89.667910
568.000000,266.000000,17.625000,90.872180
569.000000,266.000000,17.625000,91.402256
570.000000,268.000000,17.625000,91.246269
571.000000,269.000000,17.875000,91.438662
572.000000,269.000000,18.000000,91.973978
573.000000,270.000000,18.000000,92.166667
574.000000,272.000000,18.125000,92.022059
575.000000,272.000000,18.375000,92.562500
576.000000,273.000000,18.000000,91.157509
577.000000,274.000000,17.875000,90.514599
578.000000,273.000000,17.750000,91.014652
579.000000,273.000000,17.625000,91.318681
580.000000,269.000000,17.625000,93.033457
581.000000,270.000000,17.250000,92.018519
582.000000,267.000000,17.250000,93.164794
583.000000,264.000000,17.250000,94.443182
584.000000,263.000000,17.125000,95.030418
585.000000,262.000000,17.000000,95.702290
586.000000,261.000000,16.875000,96.444444
587.000000,261.000000,16.875000,96.965517
588.000000,262.000000,16.875000,97.114504
589.000000,262.000000,17.000000,97.641221
590.000000,263.000000,17.000000,97.794677
591.000000,263.000000,17.125000,98.323194
592.000000,265.000000,17.125000,98.105660
593.000000,266.000000,17.250000,98.266917
594.000000,269.000000,17.250000,97.698885
595.000000,269.000000,17.500000,98.219331
596.000000,270.000000,17.500000,98.392593
597.000000,271.000000,17.625000,98.568266
598.000000,271.000000,17.625000,99.107011
599.000000,271.000000,17.625000,99.645756
600.000000,272.000000,17.625000,99.816176
601.000000,272.000000,17.750000,100.356618
602.000000,272.000000,17.750000,100.897059
603.000000,272.000000,17.750000,101.437500
604.000000,272.000000,17.750000,101.977941
605.000000,272.000000,17.750000,102.518382
606.000000,273.000000,17.750000,102.681319
607.000000,273.000000,17.875000,103.223443
608.000000,274.000000,17.875000,103.386861
609.000000,276.000000,18.000000,103.177536
610.000000,278.000000,18.125000,102.978417
611.000000,279.000000,18.250000,103.157706
612.000000,280.000000,18.375000,103.339286
613.000000,280.000000,18.500000,103.892857
614.000000,281.000000,18.500000,104.074733
615.000000,281.000000,18.250000,101.669039
616.000000,280.000000,18.125000,101.650000
617.000000,279.000000,18.000000,101.713262
618.000000,279.000000,17.875000,101.426523
619.000000,281.000000,17.500000,100.957295
620.000000,281.000000,17.250000,101.362989
621.000000,281.000000,17.250000,101.886121
622.000000,281.000000,17.250000,102.409253
623.000000,281.000000,17.250000,102.932384
624.000000,282.000000,17.250000,103.088652
625.000000,282.000000,17.375000,103.613475
626.000000,282.000000,17.375000,104.138298
627.000000,283.000000,17.375000,104.293286
628.000000,283.000000,17.500000,104.819788
629.000000,283.000000,17.500000,105.346290
630.000000,284.000000,17.500000,105.500000
631.000000,285.000000,17.625000,105.656140
632.000000,285.000000,17.625000,106.185965
633.000000,286.000000,17.625000,106.342657
634.000000,287.000000,17.625000,106.501742
635.000000,287.000000,17.750000,107.034843
636.000000,287.000000,17.750000,107.567944
637.000000,287.000000,17.750000,108.101045
638.000000,285.000000,17.750000,109.396491
639.000000,285.000000,17.625000,106.828070
640.000000,284.000000,17.750000,106.017606
641.000000,283.000000,17.750000,105.254417
642.000000,282.000000,17.750000,104.677305
643.000000,283.000000,17.750000,103.325088
644.000000,284.000000,17.875000,103.485915
645.000000,284.000000,18.000000,104.014085
646.000000,284.000000,18.000000,104.542254
647.000000,284.000000,17.625000,104.690141
648.000000,284.000000,17.500000,105.172535
649.000000,282.000000,17.625000,106.439716
650.000000,284.000000,17.625000,106.207746
651.000000,286.000000,17.750000,105.982517
652.000000,286.000000,18.000000,106.506993
653.000000,286.000000,18.000000,107.031469
654.000000,286.000000,18.000000,107.555944
655.000000,288.000000,18.000000,107.329861
656.000000,289.000000,18.125000,107.480969
657.000000,290.000000,18.250000,107.634483
658.000000,290.000000,18.250000,108.158621
659.000000,290.000000,18.250000,108.682759
660.000000,292.000000,18.250000,108.458904
661.000000,295.000000,18.500000,107.877966
662.000000,295.000000,18.750000,108.406780
663.000000,296.000000,18.750000,108.570946
664.000000,296.000000,18.750000,109.104730
665.000000,296.000000,18.750000,109.638514
666.000000,298.000000,18.750000,109.432886
667.000000,298.000000,18.875000,109.969799
668.000000,298.000000,18.875000,110.500000
669.000000,299.000000,18.875000,110.665552
670.000000,301.000000,18.875000,110.461794
671.000000,303.000000,19.125000,110.267327
672.000000,303.000000,19.250000,110.808581
673.000000,305.000000,19.250000,110.619672
674.000000,305.000000,19.375000,111.160656
675.000000,305.000000,19.375000,111.701639
676.000000,306.000000,19.375000,111.875817
677.000000,307.000000,19.375000,112.048860
678.000000,309.000000,19.500000,111.864078
679.000000,310.000000,19.500000,112.045161
680.000000,310.000000,19.625000,112.590323
681.000000,310.000000,19.625000,113.135484
682.000000,312.000000,19.250000,110.974359
683.000000,311.000000,19.375000,111.308682
684.000000,310.000000,19.250000,111.690323
685.000000,310.000000,19.125000,111.845161
686.000000,309.000000,19.000000,112.368932
687.000000,309.000000,18.875000,112.621359
688.000000,309.000000,18.750000,112.889968
689.000000,309.000000,18.625000,113.275081
690.000000,308.000000,18.500000,114.042208
691.000000,309.000000,18.375000,114.106796
692.000000,309.000000,18.500000,114.637540
693.000000,310.000000,18.500000,114.796774
694.000000,311.000000,18.500000,114.958199
695.000000,313.000000,18.500000,114.750799
696.000000,313.000000,18.625000,115.284345
697.000000,314.000000,18.625000,115.442675
698.000000,314.000000,18.750000,115.977707
699.000000,314.000000,18.750000,116.512739
700.000000,314.000000,18.750000,117.047771
701.000000,314.000000,18.750000,117.582803
702.000000,314.000000,18.750000,118.117834
703.000000,315.000000,18.750000,118.276190
704.000000,317.000000,18.875000,118.063091
705.000000,317.000000,19.125000,118.602524
706.000000,318.000000,19.125000,118.767296
707.000000,315.000000,19.250000,120.444444
708.000000,316.000000,19.000000,119.693038
709.000000,315.000000,19.000000,120.174603
710.000000,314.000000,18.875000,120.665605
711.000000,313.000000,18.750000,121.153355
712.000000,313.000000,18.625000,121.418530
713.000000,313.000000,18.500000,121.753994
714.000000,313.000000,18.500000,122.089457
715.000000,312.000000,18.500000,122.846154
716.000000,312.000000,18.375000,123.233974
717.000000,313.000000,18.375000,123.370607
718.000000,313.000000,18.375000,123.904153
719.000000,314.000000,18.375000,124.041401
720.000000,315.000000,18.500000,124.180952
721.000000,315.000000,18.500000,124.717460
722.000000,315.000000,18.500000,125.253968
723.000000,315.000000,18.500000,125.790476
724.000000,315.000000,18.125000,125.901587
725.000000,315.000000,17.875000,126.273016
726.000000,315.000000,17.875000,126.793651
727.000000,315.000000,17.875000,127.314286
728.000000,315.000000,17.875000,127.834921
729.000000,315.000000,17.875000,128.355556
730.000000,316.000000,17.875000,128.468354
731.000000,316.000000,18.000000,128.990506
732.000000,317.000000,18.000000,129.104101
733.000000,315.000000,18.000000,130.317460
734.000000,314.000000,18.000000,131.257962
735.000000,310.000000,18.000000,133.487097
736.000000,308.000000,17.875000,130.824675
737.000000,305.000000,18.000000,129.655738
738.000000,303.000000,18.000000,128.729373
739.000000,301.000000,18.000000,127.963455
740.000000,301.000000,18.000000,126.405316
741.000000,301.000000,18.000000,125.066445
742.000000,302.000000,18.125000,123.470199
743.000000,302.000000,18.375000,121.993377
744.000000,303.000000,18.375000,120.590759
745.000000,303.000000,18.500000,120.633663
746.000000,304.000000,18.500000,120.585526
747.000000,304.000000,18.500000,121.125000
748.000000,305.000000,18.500000,120.986885
749.000000,302.000000,18.500000,122.735099
750.000000,303.000000,18.250000,118.564356
751.000000,303.000000,18.375000,116.726073
752.000000,303.000000,18.500000,115.211221
753.000000,302.000000,18.500000,114.301325
754.000000,302.000000,18.500000,113.046358
755.000000,301.000000,18.625000,112.428571
756.000000,301.000000,18.625000,111.305648
757.000000,300.000000,18.500000,110.310000
758.000000,300.000000,18.375000,109.170000
759.000000,303.000000,18.125000,106.990099
760.000000,304.000000,18.250000,107.072368
761.000000,305.000000,18.375000,107.170492
762.000000,305.000000,18.500000,107.639344
763.000000,306.000000,18.500000,107.754902
764.000000,308.000000,18.625000,107.577922
765.000000,307.000000,18.750000,108.456026
766.000000,306.000000,18.625000,109.339869
767.000000,306.000000,18.500000,109.866013
768.000000,305.000000,18.500000,110.750820
769.000000,307.000000,18.500000,110.563518
770.000000,308.000000,18.750000,110.743506
771.000000,309.000000,18.875000,110.925566
772.000000,311.000000,19.000000,110.752412
773.000000,311.000000,19.125000,111.299035
774.000000,312.000000,19.125000,111.487179
775.000000,313.000000,19.250000,111.677316
776.000000,313.000000,19.375000,112.226837
777.000000,315.000000,19.000000,111.187302
778.000000,315.000000,18.875000,111.571429
779.000000,312.000000,18.750000,113.169872
780.000000,313.000000,18.500000,112.469649
781.000000,312.000000,18.375000,112.971154
782.000000,311.000000,18.375000,113.627010
783.000000,305.000000,18.500000,116.252459
784.000000,306.000000,18.125000,113.836601
785.000000,305.000000,18.000000,113.603279
786.000000,304.000000,17.875000,113.365132
787.000000,303.000000,17.750000,113.122112
788.000000,304.000000,17.625000,112.184211
789.000000,304.000000,17.625000,111.684211
790.000000,303.000000,17.500000,111.554455
791.000000,303.000000,17.375000,111.105611
792.000000,304.000000,17.375000,111.276316
793.000000,305.000000,17.500000,111.449180
794.000000,306.000000,17.625000,111.624183
795.000000,306.000000,17.750000,112.166667
796.000000,308.000000,17.750000,111.977273
797.000000,309.000000,17.875000,112.158576
798.000000,310.000000,17.875000,112.338710
799.000000,310.000000,18.000000,112.883871
800.000000,312.000000,18.000000,112.701923
801.000000,312.000000,18.250000,113.250000
802.000000,312.000000,18.250000,113.798077
803.000000,313.000000,18.250000,113.980831
804.000000,314.000000,18.375000,114.165605
805.000000,314.000000,18.375000,114.716561
806.000000,314.000000,18.375000,115.267516
807.000000,316.000000,18.375000,115.085443
808.000000,317.000000,18.625000,115.274448
809.000000,317.000000,18.750000,115.829653
810.000000,317.000000,18.750000,116.384858
811.000000,317.000000,18.750000,116.940063
812.000000,317.000000,18.750000,117.495268
813.000000,317.000000,18.750000,118.050473
814.000000,318.000000,18.750000,118.232704
815.000000,320.000000,18.750000,118.046875
816.000000,322.000000,18.625000,115.015528
817.000000,323.000000,18.625000,113.622291
818.000000,323.000000,18.375000,112.718266
819.000000,323.000000,18.125000,112.009288
820.000000,323.000000,17.500000,111.160991
821.000000,323.000000,17.125000,110.808050
822.000000,321.000000,16.875000,111.588785
823.000000,323.000000,16.625000,111.232198
824.000000,324.000000,16.750000,111.370370
825.000000,324.000000,16.750000,111.870370
826.000000,326.000000,16.750000,111.684049
827.000000,327.000000,16.875000,111.847095
828.000000,327.000000,16.875000,112.354740
829.000000,328.000000,16.875000,112.518293
830.000000,330.000000,16.875000,112.342424
831.000000,331.000000,16.875000,112.513595
832.000000,330.000000,16.875000,113.366667
833.000000,331.000000,16.750000,113.057402
834.000000,330.000000,16.625000,113.681818
835.000000,329.000000,16.500000,114.313070
836.000000,328.000000,16.375000,114.957317
837.000000,327.000000,16.250000,115.614679
838.000000,326.000000,16.125000,116.269939
839.000000,326.000000,16.000000,116.573620
840.000000,323.000000,16.000000,117.969040
841.000000,322.000000,15.750000,115.046584
842.000000,321.000000,15.750000,113.404984
843.000000,321.000000,15.750000,111.607477
844.000000,320.000000,15.875000,110.300000
845.000000,319.000000,15.875000,109.031348
846.000000,319.000000,15.875000,107.724138
847.000000,317.000000,15.875000,107.167192
848.000000,316.000000,15.875000,105.987342
849.000000,315.000000,16.000000,106.536508
850.000000,315.000000,16.125000,106.742857
851.000000,313.000000,16.250000,107.926518
852.000000,312.000000,16.250000,108.778846
853.000000,313.000000,16.375000,108.859425
854.000000,315.000000,16.375000,108.679365
855.000000,317.000000,16.500000,108.507886
856.000000,317.000000,16.625000,109.028391
857.000000,318.000000,16.625000,109.204403
858.000000,318.000000,16.750000,109.726415
859.000000,320.000000,16.750000,109.559375
860.000000,320.000000,16.875000,110.084375
861.000000,322.000000,16.875000,109.922360
862.000000,322.000000,17.000000,110.450311
863.000000,324.000000,17.000000,110.293210
864.000000,326.000000,17.250000,110.144172
865.000000,326.000000,17.500000,110.677914
866.000000,326.000000,17.500000,111.211656
867.000000,326.000000,17.500000,111.745399
868.000000,326.000000,17.500000,112.279141
869.000000,326.000000,17.500000,112.812883
870.000000,328.000000,17.500000,112.655488
871.000000,328.000000,17.750000,113.192073
872.000000,329.000000,17.750000,113.382979
873.000000,331.000000,17.750000,113.232628
874.000000,331.000000,17.750000,113.773414
875.000000,332.000000,17.750000,113.969880
876.000000,332.000000,17.750000,114.512048
877.000000,333.000000,17.750000,114.702703
878.000000,334.000000,17.750000,114.901198
879.000000,334.000000,17.750000,115.446108
880.000000,332.000000,17.750000,116.689759
881.000000,333.000000,17.125000,115.459459
882.000000,332.000000,16.875000,115.753012
883.000000,331.000000,16.500000,116.383686
884.000000,328.000000,16.375000,117.884146
885.000000,326.000000,16.250000,119.042945
886.000000,325.000000,16.125000,119.864615
887.000000,325.000000,16.000000,120.316923
888.000000,325.000000,16.000000,120.784615
889.000000,326.000000,15.875000,120.911043
890.000000,325.000000,16.125000,121.809231
891.000000,323.000000,16.250000,123.095975
892.000000,323.000000,16.000000,120.294118
893.000000,323.000000,16.125000,118.866873
894.000000,322.000000,16.250000,117.602484
895.000000,322.000000,16.250000,116.375776
896.000000,321.000000,16.250000,115.672897
897.000000,322.000000,16.250000,114.288820
898.000000,321.000000,16.250000,113.638629
899.000000,320.000000,16.125000,113.003125
900.000000,319.000000,16.000000,112.416928
901.000000,319.000000,15.875000,111.517241
902.000000,319.000000,15.875000,112.040752
903.000000,319.000000,15.875000,112.564263
904.000000,320.000000,15.875000,112.734375
905.000000,321.000000,16.000000,112.906542
906.000000,321.000000,16.000000,113.433022
907.000000,319.000000,15.875000,114.664577
908.000000,319.000000,15.875000,115.191223
909.000000,317.000000,16.125000,116.454259
910.000000,318.000000,16.000000,116.157233
911.000000,317.000000,16.000000,116.835962
912.000000,317.000000,15.875000,117.151420
913.000000,317.000000,15.875000,117.476341
914.000000,317.000000,15.875000,117.804416
915.000000,317.000000,15.875000,118.154574
916.000000,317.000000,15.875000,118.602524
917.000000,318.000000,15.875000,118.757862
918.000000,320.000000,16.000000,118.543750
919.000000,321.000000,16.250000,118.707165
920.000000,322.000000,16.375000,118.872671
921.000000,322.000000,16.375000,119.409938
922.000000,322.000000,16.375000,119.947205
923.000000,322.000000,16.375000,120.484472
924.000000,323.000000,16.375000,120.647059
925.000000,323.000000,16.375000,121.185759
926.000000,324.000000,16.375000,121.348765
927.000000,325.000000,16.500000,121.513846
928.000000,325.000000,16.625000,122.055385
929.000000,327.000000,16.625000,121.847095
930.000000,327.000000,16.750000,122.391437
931.000000,327.000000,16.875000,122.932722
932.000000,329.000000,16.875000,122.726444
933.000000,329.000000,17.000000,123.273556
934.000000,327.000000,17.000000,124.577982
935.000000,326.000000,16.625000,121.395706
936.000000,324.000000,16.750000,118.787037
937.000000,323.000000,16.750000,117.164087
938.000000,321.000000,16.875000,115.922118
939.000000,320.000000,17.000000,114.431250
940.000000,318.000000,17.125000,113.295597
941.000000,317.000000,17.125000,111.842271
942.000000,317.000000,17.125000,110.053628
943.000000,317.000000,17.250000,108.347003
944.000000,316.000000,17.375000,107.025316
945.000000,316.000000,17.375000,105.449367
946.000000,316.000000,17.500000,103.984177
947.000000,316.000000,17.500000,102.566456
948.000000,317.000000,17.500000,100.905363
949.000000,318.000000,17.750000,100.911950
950.000000,316.000000,17.875000,101.908228
951.000000,316.000000,17.750000,99.300633
952.000000,315.000000,17.875000,98.457143
953.000000,316.000000,17.750000,97.164557
954.000000,315.000000,17.875000,96.533333
955.000000,314.000000,17.750000,96.117834
956.000000,314.000000,17.625000,95.391720
957.000000,316.000000,17.500000,94.110759
958.000000,317.000000,17.750000,94.359621
959.000000,317.000000,17.875000,94.908517
960.000000,318.000000,17.875000,95.144654
961.000000,318.000000,18.000000,95.694969
962.000000,318.000000,18.000000,96.245283
963.000000,319.000000,18.000000,96.492163
964.000000,319.000000,18.125000,97.043887
965.000000,320.000000,18.125000,97.290625
966.000000,321.000000,18.125000,97.538941
967.000000,322.000000,18.250000,97.788820
968.000000,322.000000,18.375000,98.344720
969.000000,322.000000,18.000000,98.074534
970.000000,325.000000,17.875000,97.643077
971.000000,324.000000,18.000000,98.441358
972.000000,323.000000,17.875000,99.281734
973.000000,322.000000,17.875000,100.139752
974.000000,323.000000,18.000000,100.380805
975.000000,322.000000,18.250000,101.254658
976.000000,322.000000,18.375000,101.819876
977.000000,322.000000,18.500000,102.388199
978.000000,322.000000,18.500000,102.956522
979.000000,322.000000,18.500000,103.524845
980.000000,322.000000,18.125000,103.500000
981.000000,324.000000,17.875000,103.314815
982.000000,323.000000,17.875000,104.173375
983.000000,319.000000,17.875000,106.040752
984.000000,317.000000,17.625000,103.466877
985.000000,316.000000,17.750000,101.215190
986.000000,317.000000,17.750000,98.946372
987.000000,316.000000,17.875000,97.727848
988.000000,315.000000,17.875000,96.669841
989.000000,314.000000,17.875000,95.732484
990.000000,314.000000,17.875000,94.506369
991.000000,313.000000,18.000000,93.642173
992.000000,312.000000,18.000000,92.387821
993.000000,312.000000,18.000000,91.099359
994.000000,311.000000,18.125000,89.884244
995.000000,311.000000,18.125000,88.427653
996.000000,311.000000,18.250000,88.591640
997.000000,312.000000,18.250000,88.522436
998.000000,312.000000,18.375000,89.080128
999.000000,312.000000,18.375000,89.310897
